section_code,sid_star_approach_identifier,route_type,transition_identifier,sequence_number,fix_identifier,icao_code,section_code_2,altitude,altitude_2
PD,AKUNA9,4,RW17C,010,,,,,
PD,AKUNA9,4,RW17C,020,SPERA,K4,PC,,
PD,AKUNA9,4,RW17C,030,JGIRL,K4,PC,05000,
PD,AKUNA9,4,RW17C,040,CORTS,K4,PC,,
PD,AKUNA9,4,RW17C,050,BIGGD,K4,PC,,
PD,AKUNA9,4,RW17C,060,CMORE,K4,PC,,
PD,AKUNA9,4,RW17C,070,AKUNA,K4,EA,,
PD,AKUNA9,4,RW17R,010,,,,,
PD,AKUNA9,4,RW17R,020,SPERA,K4,PC,,
PD,AKUNA9,4,RW17R,030,JGIRL,K4,PC,05000,
PD,AKUNA9,4,RW17R,040,CORTS,K4,PC,,
PD,AKUNA9,4,RW17R,050,BIGGD,K4,PC,,
PD,AKUNA9,4,RW17R,060,CMORE,K4,PC,,
PD,AKUNA9,4,RW17R,070,AKUNA,K4,EA,,
PD,AKUNA9,4,RW18L,010,,,,,
PD,AKUNA9,4,RW18L,020,BPARK,K4,PC,,
PD,AKUNA9,4,RW18L,030,YAMEL,K4,PC,05000,
PD,AKUNA9,4,RW18L,040,FIRMN,K4,PC,,
PD,AKUNA9,4,RW18L,050,BINGM,K4,PC,,
PD,AKUNA9,4,RW18L,060,BEMMR,K4,PC,,
PD,AKUNA9,4,RW18L,070,AKUNA,K4,EA,,
PD,AKUNA9,4,RW18R,010,,,,,
PD,AKUNA9,4,RW18R,020,BPARK,K4,PC,,
PD,AKUNA9,4,RW18R,030,YAMEL,K4,PC,05000,
PD,AKUNA9,4,RW18R,040,FIRMN,K4,PC,,
PD,AKUNA9,4,RW18R,050,BINGM,K4,PC,,
PD,AKUNA9,4,RW18R,060,BEMMR,K4,PC,,
PD,AKUNA9,4,RW18R,070,AKUNA,K4,EA,,
PD,AKUNA9,4,RW31L,010,,,,,
PD,AKUNA9,4,RW31L,020,AKUNA,K4,EA,,
PD,AKUNA9,4,RW31R,010,,,,,
PD,AKUNA9,4,RW31R,020,AKUNA,K4,EA,,
PD,AKUNA9,4,RW35C,010,,,,01120,
PD,AKUNA9,4,RW35C,020,CUZEN,K4,PC,05000,
PD,AKUNA9,4,RW35C,030,ITTTT,K4,PC,06000,
PD,AKUNA9,4,RW35C,040,AKUNA,K4,EA,,
PD,AKUNA9,4,RW35L,010,,,,01120,
PD,AKUNA9,4,RW35L,020,CUZEN,K4,PC,05000,
PD,AKUNA9,4,RW35L,030,ITTTT,K4,PC,06000,
PD,AKUNA9,4,RW35L,040,AKUNA,K4,EA,,
PD,AKUNA9,4,RW36B,010,,,,01120,
PD,AKUNA9,4,RW36B,020,HAZKL,K4,PC,05000,
PD,AKUNA9,4,RW36B,030,RYNNE,K4,PC,07000,
PD,AKUNA9,4,RW36B,040,AKUNA,K4,EA,,
PD,AKUNA9,6,MLC,010,AKUNA,K4,EA,,
PD,AKUNA9,6,MLC,020,TIKYS,K4,EA,,
PD,AKUNA9,6,MLC,030,MLC,K4,D,,
PD,ALIAN2,4,RW17C,010,,,,,
PD,ALIAN2,4,RW17C,020,LARRN,K4,PC,05000,
PD,ALIAN2,4,RW17C,030,GIGEM,K4,PC,,
PD,ALIAN2,4,RW17C,040,RBBIT,K4,EA,,
PD,ALIAN2,4,RW17R,010,,,,,
PD,ALIAN2,4,RW17R,020,LARRN,K4,PC,05000,
PD,ALIAN2,4,RW17R,030,GIGEM,K4,PC,,
PD,ALIAN2,4,RW17R,040,RBBIT,K4,EA,,
PD,ALIAN2,4,RW18B,010,,,,01120,
PD,ALIAN2,4,RW18B,020,LARRN,K4,PC,05000,
PD,ALIAN2,4,RW18B,030,GIGEM,K4,PC,,
PD,ALIAN2,4,RW18B,040,RBBIT,K4,EA,,
PD,ALIAN2,4,RW31L,010,,,,,
PD,ALIAN2,4,RW31L,020,RBBIT,K4,EA,,
PD,ALIAN2,4,RW31R,010,,,,,
PD,ALIAN2,4,RW31R,020,RBBIT,K4,EA,,
PD,ALIAN2,4,RW35C,010,,,,,
PD,ALIAN2,4,RW35C,020,GVINE,K4,PC,,
PD,ALIAN2,4,RW35C,030,KMART,K4,PC,05500,
PD,ALIAN2,4,RW35C,040,MARSN,K4,PC,,
PD,ALIAN2,4,RW35C,050,RBBIT,K4,EA,,
PD,ALIAN2,4,RW35L,010,,,,,
PD,ALIAN2,4,RW35L,020,GVINE,K4,PC,,
PD,ALIAN2,4,RW35L,030,KMART,K4,PC,05500,
PD,ALIAN2,4,RW35L,040,MARSN,K4,PC,,
PD,ALIAN2,4,RW35L,050,RBBIT,K4,EA,,
PD,ALIAN2,4,RW36L,010,,,,,
PD,ALIAN2,4,RW36L,020,GVINE,K4,PC,,
PD,ALIAN2,4,RW36L,030,KMART,K4,PC,05500,
PD,ALIAN2,4,RW36L,040,MARSN,K4,PC,,
PD,ALIAN2,4,RW36L,050,RBBIT,K4,EA,,
PD,ALIAN2,4,RW36R,010,,,,,
PD,ALIAN2,4,RW36R,020,GVINE,K4,PC,,
PD,ALIAN2,4,RW36R,030,KMART,K4,PC,05500,
PD,ALIAN2,4,RW36R,040,MARSN,K4,PC,,
PD,ALIAN2,4,RW36R,050,RBBIT,K4,EA,,
PD,ALIAN2,5,,010,RBBIT,K4,EA,,
PD,ALIAN2,5,,020,FUMED,K4,EA,,
PD,ALIAN2,5,,030,ALIAN,K4,EA,,
PD,ARDIA7,4,RW17C,010,,,,01120,
PD,ARDIA7,4,RW17C,020,TREXX,K4,PC,05000,
PD,ARDIA7,4,RW17C,030,DALBY,K4,PC,,
PD,ARDIA7,4,RW17C,040,NEAPS,K4,PC,10000,
PD,ARDIA7,4,RW17C,050,ARDIA,K4,EA,,
PD,ARDIA7,4,RW17R,010,,,,01120,
PD,ARDIA7,4,RW17R,020,TREXX,K4,PC,05000,
PD,ARDIA7,4,RW17R,030,DALBY,K4,PC,,
PD,ARDIA7,4,RW17R,040,NEAPS,K4,PC,10000,
PD,ARDIA7,4,RW17R,050,ARDIA,K4,EA,,
PD,ARDIA7,4,RW18B,010,,,,01120,
PD,ARDIA7,4,RW18B,020,LARRN,K4,PC,05000,
PD,ARDIA7,4,RW18B,030,LIZIE,K4,PC,,
PD,ARDIA7,4,RW18B,040,CUTSO,K4,PC,10000,
PD,ARDIA7,4,RW18B,050,ARDIA,K4,EA,,
PD,ARDIA7,4,RW31L,010,,,,,
PD,ARDIA7,4,RW31L,020,ARDIA,K4,EA,,
PD,ARDIA7,4,RW31R,010,,,,,
PD,ARDIA7,4,RW31R,020,ARDIA,K4,EA,,
PD,ARDIA7,4,RW35C,010,,,,,
PD,ARDIA7,4,RW35C,020,MECHL,K4,PC,04000,
PD,ARDIA7,4,RW35C,030,BORDD,K4,PC,06000,
PD,ARDIA7,4,RW35C,040,JYMME,K4,EA,07000,
PD,ARDIA7,4,RW35C,050,OWLLS,K4,PC,,
PD,ARDIA7,4,RW35C,060,SKTRR,K4,PC,,
PD,ARDIA7,4,RW35C,070,ARDIA,K4,EA,,
PD,ARDIA7,4,RW35L,010,,,,,
PD,ARDIA7,4,RW35L,020,MECHL,K4,PC,04000,
PD,ARDIA7,4,RW35L,030,BORDD,K4,PC,06000,
PD,ARDIA7,4,RW35L,040,JYMME,K4,EA,07000,
PD,ARDIA7,4,RW35L,050,OWLLS,K4,PC,,
PD,ARDIA7,4,RW35L,060,SKTRR,K4,PC,,
PD,ARDIA7,4,RW35L,070,ARDIA,K4,EA,,
PD,ARDIA7,4,RW36L,010,,,,,
PD,ARDIA7,4,RW36L,020,GVINE,K4,PC,,
PD,ARDIA7,4,RW36L,030,KMART,K4,PC,05500,
PD,ARDIA7,4,RW36L,040,MARSN,K4,PC,,
PD,ARDIA7,4,RW36L,050,KELLR,K4,PC,,
PD,ARDIA7,4,RW36L,060,MYGAL,K4,PC,,
PD,ARDIA7,4,RW36L,070,ARDIA,K4,EA,,
PD,ARDIA7,4,RW36R,010,,,,,
PD,ARDIA7,4,RW36R,020,GVINE,K4,PC,,
PD,ARDIA7,4,RW36R,030,KMART,K4,PC,05500,
PD,ARDIA7,4,RW36R,040,MARSN,K4,PC,,
PD,ARDIA7,4,RW36R,050,KELLR,K4,PC,,
PD,ARDIA7,4,RW36R,060,MYGAL,K4,PC,,
PD,ARDIA7,4,RW36R,070,ARDIA,K4,EA,,
PD,ARDIA7,6,CLL,010,ARDIA,K4,EA,,
PD,ARDIA7,6,CLL,020,ELLVR,K4,EA,,
PD,ARDIA7,6,CLL,030,CLL,K4,D,,
PD,ARDIA7,6,ELLVR,010,ARDIA,K4,EA,,
PD,ARDIA7,6,ELLVR,020,ELLVR,K4,EA,,
PD,BLECO8,4,RW17C,010,,,,,
PD,BLECO8,4,RW17C,020,SPERA,K4,PC,,
PD,BLECO8,4,RW17C,030,JGIRL,K4,PC,05000,
PD,BLECO8,4,RW17C,040,CORTS,K4,PC,,
PD,BLECO8,4,RW17C,050,BIGGD,K4,PC,,
PD,BLECO8,4,RW17C,060,CMORE,K4,PC,,
PD,BLECO8,4,RW17C,070,BLECO,K4,EA,,
PD,BLECO8,4,RW17R,010,,,,,
PD,BLECO8,4,RW17R,020,SPERA,K4,PC,,
PD,BLECO8,4,RW17R,030,JGIRL,K4,PC,05000,
PD,BLECO8,4,RW17R,040,CORTS,K4,PC,,
PD,BLECO8,4,RW17R,050,BIGGD,K4,PC,,
PD,BLECO8,4,RW17R,060,CMORE,K4,PC,,
PD,BLECO8,4,RW17R,070,BLECO,K4,EA,,
PD,BLECO8,4,RW18L,010,,,,,
PD,BLECO8,4,RW18L,020,BPARK,K4,PC,,
PD,BLECO8,4,RW18L,030,YAMEL,K4,PC,05000,
PD,BLECO8,4,RW18L,040,FIRMN,K4,PC,,
PD,BLECO8,4,RW18L,050,BINGM,K4,PC,,
PD,BLECO8,4,RW18L,060,BEMMR,K4,PC,,
PD,BLECO8,4,RW18L,070,BLECO,K4,EA,,
PD,BLECO8,4,RW18R,010,,,,,
PD,BLECO8,4,RW18R,020,BPARK,K4,PC,,
PD,BLECO8,4,RW18R,030,YAMEL,K4,PC,05000,
PD,BLECO8,4,RW18R,040,FIRMN,K4,PC,,
PD,BLECO8,4,RW18R,050,BINGM,K4,PC,,
PD,BLECO8,4,RW18R,060,BEMMR,K4,PC,,
PD,BLECO8,4,RW18R,070,BLECO,K4,EA,,
PD,BLECO8,4,RW31L,010,,,,,
PD,BLECO8,4,RW31L,020,BLECO,K4,EA,,
PD,BLECO8,4,RW31R,010,,,,,
PD,BLECO8,4,RW31R,020,BLECO,K4,EA,,
PD,BLECO8,4,RW35C,010,,,,01120,
PD,BLECO8,4,RW35C,020,CUZEN,K4,PC,05000,
PD,BLECO8,4,RW35C,030,YUNGG,K4,PC,07000,
PD,BLECO8,4,RW35C,040,BLECO,K4,EA,,
PD,BLECO8,4,RW35L,010,,,,01120,
PD,BLECO8,4,RW35L,020,CUZEN,K4,PC,05000,
PD,BLECO8,4,RW35L,030,YUNGG,K4,PC,07000,
PD,BLECO8,4,RW35L,040,BLECO,K4,EA,,
PD,BLECO8,4,RW36B,010,,,,01120,
PD,BLECO8,4,RW36B,020,HAZKL,K4,PC,05000,
PD,BLECO8,4,RW36B,030,RYNNE,K4,PC,07000,
PD,BLECO8,4,RW36B,040,BLECO,K4,EA,,
PD,BLECO8,6,IRW,010,BLECO,K4,EA,,
PD,BLECO8,6,IRW,020,ZEMMA,K4,EA,,
PD,BLECO8,6,IRW,030,IRW,K4,D,,
PD,BLECO8,6,TUL,010,BLECO,K4,EA,,
PD,BLECO8,6,TUL,020,ZEMMA,K4,EA,,
PD,BLECO8,6,TUL,030,TUL,K4,D,,
PD,BLECO8,6,ZEMMA,010,BLECO,K4,EA,,
PD,BLECO8,6,ZEMMA,020,ZEMMA,K4,EA,,
PD,BOTCH1,5,ALL,010,DEMII,K4,EA,05000,
PD,BOTCH1,5,ALL,020,BOTCH,K4,EA,13000,
PD,BOTCH1,6,ALIAN,010,BOTCH,K4,EA,13000,
PD,BOTCH1,6,ALIAN,020,RBBIT,K4,EA,,
PD,BOTCH1,6,ALIAN,030,FUMED,K4,EA,,
PD,BOTCH1,6,ALIAN,040,ALIAN,K4,EA,,
PD,BOTCH1,6,BRHMA,010,BOTCH,K4,EA,13000,
PD,BOTCH1,6,BRHMA,020,ROOOO,K4,EA,,
PD,BOTCH1,6,BRHMA,030,RUFFS,K4,EA,,
PD,BOTCH1,6,BRHMA,040,KATZZ,K4,EA,,
PD,BOTCH1,6,BRHMA,050,BRHMA,K4,EA,,
PD,BOTCH1,6,CIKAN,010,BOTCH,K4,EA,13000,
PD,BOTCH1,6,CIKAN,020,RBBIT,K4,EA,,
PD,BOTCH1,6,CIKAN,030,LYNDE,K4,EA,,
PD,BOTCH1,6,CIKAN,040,WSTEX,K4,EA,,
PD,BOTCH1,6,CIKAN,050,CIKAN,K4,EA,,
PD,BOTCH1,6,DOSXX,010,BOTCH,K4,EA,13000,
PD,BOTCH1,6,DOSXX,020,RBBIT,K4,EA,,
PD,BOTCH1,6,DOSXX,030,LYNDE,K4,EA,,
PD,BOTCH1,6,DOSXX,040,WSTEX,K4,EA,,
PD,BOTCH1,6,DOSXX,050,DOSXX,K4,EA,,
PD,BOTCH1,6,HUDAD,010,BOTCH,K4,EA,13000,
PD,BOTCH1,6,HUDAD,020,PGLET,K4,EA,,
PD,BOTCH1,6,HUDAD,030,MUTEE,K4,EA,,
PD,BOTCH1,6,HUDAD,040,HUDAD,K4,EA,,
PD,BOTCH1,6,HULZE,010,BOTCH,K4,EA,13000,
PD,BOTCH1,6,HULZE,020,TYGGR,K4,EA,,
PD,BOTCH1,6,HULZE,030,DBLSS,K4,EA,,
PD,BOTCH1,6,HULZE,040,HRPER,K4,EA,,
PD,BOTCH1,6,HULZE,050,HULZE,K4,EA,,
PD,BOTCH1,6,WSTEX,010,BOTCH,K4,EA,13000,
PD,BOTCH1,6,WSTEX,020,RBBIT,K4,EA,,
PD,BOTCH1,6,WSTEX,030,LYNDE,K4,EA,,
PD,BOTCH1,6,WSTEX,040,WSTEX,K4,EA,,
PD,CYOTE4,2,ALL,010,TTT,K4,D,,
PD,CYOTE4,3,ABI,010,TTT,K4,D,,
PD,CYOTE4,3,ABI,020,PODDE,K4,EA,,
PD,CYOTE4,3,ABI,030,MQP,K4,D,,
PD,CYOTE4,3,ABI,040,ABI,K4,D,,
PD,CYOTE4,3,CDS,010,TTT,K4,D,,
PD,CYOTE4,3,CDS,020,FERRA,K4,EA,,
PD,CYOTE4,3,CDS,030,SCABI,K4,EA,,
PD,CYOTE4,3,CDS,040,CDS,K4,D,,
PD,CYOTE4,3,CNX,010,TTT,K4,D,,
PD,CYOTE4,3,CNX,020,CEOLA,K4,EA,,
PD,CYOTE4,3,CNX,030,KIRST,K4,EA,,
PD,CYOTE4,3,CNX,040,LBB,K4,D,,
PD,CYOTE4,3,CNX,050,CNX,K2,D,,
PD,CYOTE4,3,LBB,010,TTT,K4,D,,
PD,CYOTE4,3,LBB,020,CEOLA,K4,EA,,
PD,CYOTE4,3,LBB,030,KIRST,K4,EA,,
PD,CYOTE4,3,LBB,040,LBB,K4,D,,
PD,CYOTE4,3,MQP,010,TTT,K4,D,,
PD,CYOTE4,3,MQP,020,PODDE,K4,EA,,
PD,CYOTE4,3,MQP,030,MQP,K4,D,,
PD,CYOTE4,3,PNH,010,TTT,K4,D,,
PD,CYOTE4,3,PNH,020,FERRA,K4,EA,,
PD,CYOTE4,3,PNH,030,SCABI,K4,EA,,
PD,CYOTE4,3,PNH,040,CDS,K4,D,,
PD,CYOTE4,3,PNH,050,PNH,K4,D,,
PD,CYOTE4,3,PODDE,010,TTT,K4,D,,
PD,CYOTE4,3,PODDE,020,PODDE,K4,EA,,
PD,CYOTE4,3,TXO,010,TTT,K4,D,,
PD,CYOTE4,3,TXO,020,CEOLA,K4,EA,,
PD,CYOTE4,3,TXO,030,KIRST,K4,EA,,
PD,CYOTE4,3,TXO,040,LBB,K4,D,,
PD,CYOTE4,3,TXO,050,TXO,K4,D,,
PD,DALL4,2,ALL,010,TTT,K4,D,,
PD,DALL4,3,EIC,010,TTT,K4,D,,
PD,DALL4,3,EIC,020,CLARE,K4,EA,,
PD,DALL4,3,EIC,030,POTEN,K4,EA,,
PD,DALL4,3,EIC,040,TEKBE,K4,EA,,
PD,DALL4,3,EIC,050,SHRLY,K4,EA,,
PD,DALL4,3,EIC,060,EIC,K4,D,,
PD,DALL4,3,LIT,010,TTT,K4,D,,
PD,DALL4,3,LIT,020,NOBLY,K4,EA,,
PD,DALL4,3,LIT,030,COBUG,K4,EA,,
PD,DALL4,3,LIT,040,ORTRO,K4,EA,,
PD,DALL4,3,LIT,050,LIT,K4,D,,
PD,DALL4,3,SOLDO,010,TTT,K4,D,,
PD,DALL4,3,SOLDO,020,SOLDO,K4,EA,,
PD,DALL4,3,TXK,010,TTT,K4,D,,
PD,DALL4,3,TXK,020,TRISS,K4,EA,,
PD,DALL4,3,TXK,030,SHERO,K4,EA,,
PD,DALL4,3,TXK,040,TXK,K4,D,,
PD,DARTZ9,4,RW17C,010,,,,01120,
PD,DARTZ9,4,RW17C,020,TREXX,K4,PC,05000,
PD,DARTZ9,4,RW17C,030,DALBY,K4,PC,,
PD,DARTZ9,4,RW17C,040,OUTTR,K4,PC,09000,
PD,DARTZ9,4,RW17C,050,DARTZ,K4,EA,,
PD,DARTZ9,4,RW17R,010,,,,01120,
PD,DARTZ9,4,RW17R,020,TREXX,K4,PC,05000,
PD,DARTZ9,4,RW17R,030,DALBY,K4,PC,,
PD,DARTZ9,4,RW17R,040,OUTTR,K4,PC,09000,
PD,DARTZ9,4,RW17R,050,DARTZ,K4,EA,,
PD,DARTZ9,4,RW18B,010,,,,01120,
PD,DARTZ9,4,RW18B,020,LARRN,K4,PC,05000,
PD,DARTZ9,4,RW18B,030,LIZIE,K4,PC,,
PD,DARTZ9,4,RW18B,040,CALEK,K4,PC,10000,
PD,DARTZ9,4,RW18B,050,DARTZ,K4,EA,,
PD,DARTZ9,4,RW31L,010,,,,,
PD,DARTZ9,4,RW31L,020,DARTZ,K4,EA,,
PD,DARTZ9,4,RW31R,010,,,,,
PD,DARTZ9,4,RW31R,020,DARTZ,K4,EA,,
PD,DARTZ9,4,RW35C,010,,,,,
PD,DARTZ9,4,RW35C,020,MECHL,K4,PC,04000,
PD,DARTZ9,4,RW35C,030,BORDD,K4,PC,06000,
PD,DARTZ9,4,RW35C,040,JYMME,K4,EA,07000,
PD,DARTZ9,4,RW35C,050,OWLLS,K4,PC,,
PD,DARTZ9,4,RW35C,060,SKTRR,K4,PC,,
PD,DARTZ9,4,RW35C,070,DARTZ,K4,EA,,
PD,DARTZ9,4,RW35L,010,,,,,
PD,DARTZ9,4,RW35L,020,MECHL,K4,PC,04000,
PD,DARTZ9,4,RW35L,030,BORDD,K4,PC,06000,
PD,DARTZ9,4,RW35L,040,JYMME,K4,EA,07000,
PD,DARTZ9,4,RW35L,050,OWLLS,K4,PC,,
PD,DARTZ9,4,RW35L,060,SKTRR,K4,PC,,
PD,DARTZ9,4,RW35L,070,DARTZ,K4,EA,,
PD,DARTZ9,4,RW36L,010,,,,,
PD,DARTZ9,4,RW36L,020,GVINE,K4,PC,,
PD,DARTZ9,4,RW36L,030,KMART,K4,PC,05500,
PD,DARTZ9,4,RW36L,040,MARSN,K4,PC,,
PD,DARTZ9,4,RW36L,050,KELLR,K4,PC,,
PD,DARTZ9,4,RW36L,060,MYGAL,K4,PC,,
PD,DARTZ9,4,RW36L,070,DARTZ,K4,EA,,
PD,DARTZ9,4,RW36R,010,,,,,
PD,DARTZ9,4,RW36R,020,GVINE,K4,PC,,
PD,DARTZ9,4,RW36R,030,KMART,K4,PC,05500,
PD,DARTZ9,4,RW36R,040,MARSN,K4,PC,,
PD,DARTZ9,4,RW36R,050,KELLR,K4,PC,,
PD,DARTZ9,4,RW36R,060,MYGAL,K4,PC,,
PD,DARTZ9,4,RW36R,070,DARTZ,K4,EA,,
PD,DARTZ9,6,TNV,010,DARTZ,K4,EA,,
PD,DARTZ9,6,TNV,020,BRDEN,K4,EA,,
PD,DARTZ9,6,TNV,030,TORNN,K4,EA,,
PD,DARTZ9,6,TNV,040,BILEE,K4,EA,,
PD,DARTZ9,6,TNV,050,TNV,K4,D,,
PD,DARTZ9,6,TORNN,010,DARTZ,K4,EA,,
PD,DARTZ9,6,TORNN,020,BRDEN,K4,EA,,
PD,DARTZ9,6,TORNN,030,TORNN,K4,EA,,
PD,FORCK3,4,RW17C,010,,,,01120,
PD,FORCK3,4,RW17C,020,TREXX,K4,PC,05000,
PD,FORCK3,4,RW17C,030,JOLEN,K4,PC,,
PD,FORCK3,4,RW17C,040,PAXTN,K4,PC,,
PD,FORCK3,4,RW17C,050,HANUH,K4,EA,,
PD,FORCK3,4,RW17R,010,,,,01120,
PD,FORCK3,4,RW17R,020,TREXX,K4,PC,05000,
PD,FORCK3,4,RW17R,030,JOLEN,K4,PC,,
PD,FORCK3,4,RW17R,040,PAXTN,K4,PC,,
PD,FORCK3,4,RW17R,050,HANUH,K4,EA,,
PD,FORCK3,4,RW18L,010,,,,,
PD,FORCK3,4,RW18L,020,TREXX,K4,PC,05000,
PD,FORCK3,4,RW18L,030,JOLEN,K4,PC,,
PD,FORCK3,4,RW18L,040,PAXTN,K4,PC,,
PD,FORCK3,4,RW18L,050,HANUH,K4,EA,,
PD,FORCK3,4,RW18R,010,,,,,
PD,FORCK3,4,RW18R,020,TREXX,K4,PC,05000,
PD,FORCK3,4,RW18R,030,JOLEN,K4,PC,,
PD,FORCK3,4,RW18R,040,PAXTN,K4,PC,,
PD,FORCK3,4,RW18R,050,HANUH,K4,EA,,
PD,FORCK3,4,RW31L,010,,,,,
PD,FORCK3,4,RW31L,020,HANUH,K4,EA,,
PD,FORCK3,4,RW31R,010,,,,,
PD,FORCK3,4,RW31R,020,HANUH,K4,EA,,
PD,FORCK3,4,RW35C,010,,,,,
PD,FORCK3,4,RW35C,020,MECHL,K4,PC,04000,
PD,FORCK3,4,RW35C,030,BORDD,K4,PC,06000,
PD,FORCK3,4,RW35C,040,JYMME,K4,EA,07000,
PD,FORCK3,4,RW35C,050,HANUH,K4,EA,,
PD,FORCK3,4,RW35L,010,,,,,
PD,FORCK3,4,RW35L,020,MECHL,K4,PC,04000,
PD,FORCK3,4,RW35L,030,BORDD,K4,PC,06000,
PD,FORCK3,4,RW35L,040,JYMME,K4,EA,07000,
PD,FORCK3,4,RW35L,050,HANUH,K4,EA,,
PD,FORCK3,4,RW36L,010,,,,,
PD,FORCK3,4,RW36L,020,MECHL,K4,PC,04000,
PD,FORCK3,4,RW36L,030,BORDD,K4,PC,06000,
PD,FORCK3,4,RW36L,040,JYMME,K4,EA,07000,
PD,FORCK3,4,RW36L,050,HANUH,K4,EA,,
PD,FORCK3,4,RW36R,010,,,,,
PD,FORCK3,4,RW36R,020,MECHL,K4,PC,04000,
PD,FORCK3,4,RW36R,030,BORDD,K4,PC,06000,
PD,FORCK3,4,RW36R,040,JYMME,K4,EA,07000,
PD,FORCK3,4,RW36R,050,HANUH,K4,EA,,
PD,FORCK3,5,,010,HANUH,K4,EA,,
PD,FORCK3,5,,020,LYING,K4,EA,,
PD,FORCK3,5,,030,FORCK,K4,EA,,
PD,GARL6,2,ALL,010,TTT,K4,D,,
PD,GARL6,3,GGG,010,TTT,K4,D,,
PD,GARL6,3,GGG,020,CLARE,K4,EA,,
PD,GARL6,3,GGG,030,ROCKK,K4,EA,,
PD,GARL6,3,GGG,040,GGG,K4,D,,
PD,GARL6,3,PRX,010,TTT,K4,D,,
PD,GARL6,3,PRX,020,NOBLY,K4,EA,,
PD,GARL6,3,PRX,030,ECKEY,K4,EA,,
PD,GARL6,3,PRX,040,PRX,K4,D,,
PD,GARL6,3,SOLDO,010,TTT,K4,D,,
PD,GARL6,3,SOLDO,020,SOLDO,K4,EA,,
PD,GARL6,3,TXK,010,TTT,K4,D,,
PD,GARL6,3,TXK,020,TRISS,K4,EA,,
PD,GARL6,3,TXK,030,SHERO,K4,EA,,
PD,GARL6,3,TXK,040,TXK,K4,D,,
PD,GARL6,3,TYR,010,TTT,K4,D,,
PD,GARL6,3,TYR,020,CLARE,K4,EA,,
PD,GARL6,3,TYR,030,ROCKK,K4,EA,,
PD,GARL6,3,TYR,040,TYR,K4,D,,
PD,GRABE8,4,RW17C,010,,,,,
PD,GRABE8,4,RW17C,020,SPERA,K4,PC,,
PD,GRABE8,4,RW17C,030,JGIRL,K4,PC,05000,
PD,GRABE8,4,RW17C,040,CORTS,K4,PC,,
PD,GRABE8,4,RW17C,050,BIGGD,K4,PC,,
PD,GRABE8,4,RW17C,060,CMORE,K4,PC,,
PD,GRABE8,4,RW17C,070,GRABE,K4,EA,,
PD,GRABE8,4,RW17R,010,,,,,
PD,GRABE8,4,RW17R,020,SPERA,K4,PC,,
PD,GRABE8,4,RW17R,030,JGIRL,K4,PC,05000,
PD,GRABE8,4,RW17R,040,CORTS,K4,PC,,
PD,GRABE8,4,RW17R,050,BIGGD,K4,PC,,
PD,GRABE8,4,RW17R,060,CMORE,K4,PC,,
PD,GRABE8,4,RW17R,070,GRABE,K4,EA,,
PD,GRABE8,4,RW18L,010,,,,,
PD,GRABE8,4,RW18L,020,BPARK,K4,PC,,
PD,GRABE8,4,RW18L,030,YAMEL,K4,PC,05000,
PD,GRABE8,4,RW18L,040,FIRMN,K4,PC,,
PD,GRABE8,4,RW18L,050,BINGM,K4,PC,,
PD,GRABE8,4,RW18L,060,BEMMR,K4,PC,,
PD,GRABE8,4,RW18L,070,GRABE,K4,EA,,
PD,GRABE8,4,RW18R,010,,,,,
PD,GRABE8,4,RW18R,020,BPARK,K4,PC,,
PD,GRABE8,4,RW18R,030,YAMEL,K4,PC,05000,
PD,GRABE8,4,RW18R,040,FIRMN,K4,PC,,
PD,GRABE8,4,RW18R,050,BINGM,K4,PC,,
PD,GRABE8,4,RW18R,060,BEMMR,K4,PC,,
PD,GRABE8,4,RW18R,070,GRABE,K4,EA,,
PD,GRABE8,4,RW31L,010,,,,,
PD,GRABE8,4,RW31L,020,GRABE,K4,EA,,
PD,GRABE8,4,RW31R,010,,,,,
PD,GRABE8,4,RW31R,020,GRABE,K4,EA,,
PD,GRABE8,4,RW35C,010,,,,01120,
PD,GRABE8,4,RW35C,020,CUZEN,K4,PC,05000,
PD,GRABE8,4,RW35C,030,YUNGG,K4,PC,07000,
PD,GRABE8,4,RW35C,040,GRABE,K4,EA,,
PD,GRABE8,4,RW35L,010,,,,01120,
PD,GRABE8,4,RW35L,020,CUZEN,K4,PC,05000,
PD,GRABE8,4,RW35L,030,YUNGG,K4,PC,07000,
PD,GRABE8,4,RW35L,040,GRABE,K4,EA,,
PD,GRABE8,4,RW36B,010,,,,01120,
PD,GRABE8,4,RW36B,020,HAZKL,K4,PC,05000,
PD,GRABE8,4,RW36B,030,RYNNE,K4,PC,07000,
PD,GRABE8,4,RW36B,040,GRABE,K4,EA,,
PD,GRABE8,6,EAKER,010,GRABE,K4,EA,,
PD,GRABE8,6,EAKER,020,EAKER,K4,EA,,
PD,GRABE8,6,OKM,010,GRABE,K4,EA,,
PD,GRABE8,6,OKM,020,EAKER,K4,EA,,
PD,GRABE8,6,OKM,030,OKM,K4,D,,
PD,HRPER3,4,RW17C,010,,,,,
PD,HRPER3,4,RW17C,020,BPARK,K4,PC,,
PD,HRPER3,4,RW17C,030,YAMEL,K4,PC,05000,
PD,HRPER3,4,RW17C,040,FIRMN,K4,PC,,
PD,HRPER3,4,RW17C,050,TYGGR,K4,EA,,
PD,HRPER3,4,RW17R,010,,,,,
PD,HRPER3,4,RW17R,020,BPARK,K4,PC,,
PD,HRPER3,4,RW17R,030,YAMEL,K4,PC,05000,
PD,HRPER3,4,RW17R,040,FIRMN,K4,PC,,
PD,HRPER3,4,RW17R,050,TYGGR,K4,EA,,
PD,HRPER3,4,RW18L,010,,,,,
PD,HRPER3,4,RW18L,020,BPARK,K4,PC,,
PD,HRPER3,4,RW18L,030,YAMEL,K4,PC,05000,
PD,HRPER3,4,RW18L,040,FIRMN,K4,PC,,
PD,HRPER3,4,RW18L,050,TYGGR,K4,EA,,
PD,HRPER3,4,RW18R,010,,,,,
PD,HRPER3,4,RW18R,020,BPARK,K4,PC,,
PD,HRPER3,4,RW18R,030,YAMEL,K4,PC,05000,
PD,HRPER3,4,RW18R,040,FIRMN,K4,PC,,
PD,HRPER3,4,RW18R,050,TYGGR,K4,EA,,
PD,HRPER3,4,RW31L,010,,,,,
PD,HRPER3,4,RW31L,020,TYGGR,K4,EA,,
PD,HRPER3,4,RW31R,010,,,,,
PD,HRPER3,4,RW31R,020,TYGGR,K4,EA,,
PD,HRPER3,4,RW35C,010,,,,,
PD,HRPER3,4,RW35C,020,HAZKL,K4,PC,05000,
PD,HRPER3,4,RW35C,030,TULUY,K4,PC,,
PD,HRPER3,4,RW35C,040,HUNNT,K4,PC,,
PD,HRPER3,4,RW35C,050,TYGGR,K4,EA,,
PD,HRPER3,4,RW35L,010,,,,,
PD,HRPER3,4,RW35L,020,HAZKL,K4,PC,05000,
PD,HRPER3,4,RW35L,030,TULUY,K4,PC,,
PD,HRPER3,4,RW35L,040,HUNNT,K4,PC,,
PD,HRPER3,4,RW35L,050,TYGGR,K4,EA,,
PD,HRPER3,4,RW36B,010,,,,01120,
PD,HRPER3,4,RW36B,020,HAZKL,K4,PC,05000,
PD,HRPER3,4,RW36B,030,TULUY,K4,PC,,
PD,HRPER3,4,RW36B,040,HUNNT,K4,PC,,
PD,HRPER3,4,RW36B,050,TYGGR,K4,EA,,
PD,HRPER3,5,,010,TYGGR,K4,EA,,
PD,HRPER3,5,,020,DBLSS,K4,EA,,
PD,HRPER3,5,,030,HRPER,K4,EA,,
PD,HRPER3,6,HULZE,010,HRPER,K4,EA,,
PD,HRPER3,6,HULZE,020,HULZE,K4,EA,,
PD,HUDAD2,4,RW17C,010,,,,,
PD,HUDAD2,4,RW17C,020,BPARK,K4,PC,,
PD,HUDAD2,4,RW17C,030,YAMEL,K4,PC,05000,
PD,HUDAD2,4,RW17C,040,FIRMN,K4,PC,,
PD,HUDAD2,4,RW17C,050,PGLET,K4,EA,,
PD,HUDAD2,4,RW17R,010,,,,,
PD,HUDAD2,4,RW17R,020,BPARK,K4,PC,,
PD,HUDAD2,4,RW17R,030,YAMEL,K4,PC,05000,
PD,HUDAD2,4,RW17R,040,FIRMN,K4,PC,,
PD,HUDAD2,4,RW17R,050,PGLET,K4,EA,,
PD,HUDAD2,4,RW18L,010,,,,,
PD,HUDAD2,4,RW18L,020,BPARK,K4,PC,,
PD,HUDAD2,4,RW18L,030,YAMEL,K4,PC,05000,
PD,HUDAD2,4,RW18L,040,FIRMN,K4,PC,,
PD,HUDAD2,4,RW18L,050,PGLET,K4,EA,,
PD,HUDAD2,4,RW18R,010,,,,,
PD,HUDAD2,4,RW18R,020,BPARK,K4,PC,,
PD,HUDAD2,4,RW18R,030,YAMEL,K4,PC,05000,
PD,HUDAD2,4,RW18R,040,FIRMN,K4,PC,,
PD,HUDAD2,4,RW18R,050,PGLET,K4,EA,,
PD,HUDAD2,4,RW31L,010,,,,,
PD,HUDAD2,4,RW31L,020,PGLET,K4,EA,,
PD,HUDAD2,4,RW31R,010,,,,,
PD,HUDAD2,4,RW31R,020,PGLET,K4,EA,,
PD,HUDAD2,4,RW35C,010,,,,,
PD,HUDAD2,4,RW35C,020,HAZKL,K4,PC,05000,
PD,HUDAD2,4,RW35C,030,TULUY,K4,PC,,
PD,HUDAD2,4,RW35C,040,PGLET,K4,EA,,
PD,HUDAD2,4,RW35L,010,,,,,
PD,HUDAD2,4,RW35L,020,HAZKL,K4,PC,05000,
PD,HUDAD2,4,RW35L,030,TULUY,K4,PC,,
PD,HUDAD2,4,RW35L,040,PGLET,K4,EA,,
PD,HUDAD2,4,RW36B,010,,,,01120,
PD,HUDAD2,4,RW36B,020,HAZKL,K4,PC,05000,
PD,HUDAD2,4,RW36B,030,TULUY,K4,PC,,
PD,HUDAD2,4,RW36B,040,PGLET,K4,EA,,
PD,HUDAD2,5,,010,PGLET,K4,EA,,
PD,HUDAD2,5,,020,MUTEE,K4,EA,,
PD,HUDAD2,5,,030,HUDAD,K4,EA,,
PD,JACKY1,T,RW13L,010,,,,01006,
PD,JACKY1,T,RW13L,020,,,,,
PD,JACKY1,T,RW13R,010,,,,01006,
PD,JACKY1,T,RW13R,020,,,,,
PD,JACKY1,T,RW17B,010,,,,01006,
PD,JACKY1,T,RW17B,020,,,,,
PD,JACKY1,T,RW18B,010,,,,01006,
PD,JACKY1,T,RW18B,020,,,,,
PD,JACKY1,T,RW31L,010,,,,01006,
PD,JACKY1,T,RW31L,020,,,,,
PD,JACKY1,T,RW31R,010,,,,01006,
PD,JACKY1,T,RW31R,020,,,,,
PD,JACKY1,T,RW35B,010,,,,01006,
PD,JACKY1,T,RW35B,020,,,,,
PD,JACKY1,T,RW36B,010,,,,01006,
PD,JACKY1,T,RW36B,020,,,,,
PD,JASPA7,4,RW17C,010,,,,01120,
PD,JASPA7,4,RW17C,020,TREXX,K4,PC,05000,
PD,JASPA7,4,RW17C,030,DALBY,K4,PC,,
PD,JASPA7,4,RW17C,040,ENIKE,K4,PC,10000,
PD,JASPA7,4,RW17C,050,JASPA,K4,EA,10000,
PD,JASPA7,4,RW17R,010,,,,01120,
PD,JASPA7,4,RW17R,020,TREXX,K4,PC,05000,
PD,JASPA7,4,RW17R,030,DALBY,K4,PC,,
PD,JASPA7,4,RW17R,040,ENIKE,K4,PC,10000,
PD,JASPA7,4,RW17R,050,JASPA,K4,EA,10000,
PD,JASPA7,4,RW18B,010,,,,01120,
PD,JASPA7,4,RW18B,020,LARRN,K4,PC,05000,
PD,JASPA7,4,RW18B,030,JUGEL,K4,PC,10000,
PD,JASPA7,4,RW18B,040,JASPA,K4,EA,10000,
PD,JASPA7,4,RW31L,010,,,,,
PD,JASPA7,4,RW31L,020,JASPA,K4,EA,10000,
PD,JASPA7,4,RW31R,010,,,,,
PD,JASPA7,4,RW31R,020,JASPA,K4,EA,10000,
PD,JASPA7,4,RW35C,010,,,,,
PD,JASPA7,4,RW35C,020,MECHL,K4,PC,04000,
PD,JASPA7,4,RW35C,030,BORDD,K4,PC,06000,
PD,JASPA7,4,RW35C,040,JYMME,K4,EA,07000,
PD,JASPA7,4,RW35C,050,OWLLS,K4,PC,,
PD,JASPA7,4,RW35C,060,SKTRR,K4,PC,,
PD,JASPA7,4,RW35C,070,JASPA,K4,EA,10000,
PD,JASPA7,4,RW35L,010,,,,,
PD,JASPA7,4,RW35L,020,MECHL,K4,PC,04000,
PD,JASPA7,4,RW35L,030,BORDD,K4,PC,06000,
PD,JASPA7,4,RW35L,040,JYMME,K4,EA,07000,
PD,JASPA7,4,RW35L,050,OWLLS,K4,PC,,
PD,JASPA7,4,RW35L,060,SKTRR,K4,PC,,
PD,JASPA7,4,RW35L,070,JASPA,K4,EA,10000,
PD,JASPA7,4,RW36L,010,,,,,
PD,JASPA7,4,RW36L,020,GVINE,K4,PC,,
PD,JASPA7,4,RW36L,030,KMART,K4,PC,05500,
PD,JASPA7,4,RW36L,040,MARSN,K4,PC,,
PD,JASPA7,4,RW36L,050,KELLR,K4,PC,,
PD,JASPA7,4,RW36L,060,MYGAL,K4,PC,,
PD,JASPA7,4,RW36L,070,JASPA,K4,EA,10000,
PD,JASPA7,4,RW36R,010,,,,,
PD,JASPA7,4,RW36R,020,GVINE,K4,PC,,
PD,JASPA7,4,RW36R,030,KMART,K4,PC,05500,
PD,JASPA7,4,RW36R,040,MARSN,K4,PC,,
PD,JASPA7,4,RW36R,050,KELLR,K4,PC,,
PD,JASPA7,4,RW36R,060,MYGAL,K4,PC,,
PD,JASPA7,4,RW36R,070,JASPA,K4,EA,10000,
PD,JASPA7,6,WINDU,010,JASPA,K4,EA,10000,
PD,JASPA7,6,WINDU,020,WINDU,K4,EA,,
PD,JPOOL8,2,ALL,010,TTT,K4,D,,
PD,JPOOL8,3,ACT,010,TTT,K4,D,,
PD,JPOOL8,3,ACT,020,NELYN,K4,EA,,
PD,JPOOL8,3,ACT,030,ACT,K4,D,,
PD,JPOOL8,3,CLL,010,TTT,K4,D,,
PD,JPOOL8,3,CLL,020,ARDIA,K4,EA,,
PD,JPOOL8,3,CLL,030,ELLVR,K4,EA,,
PD,JPOOL8,3,CLL,040,CLL,K4,D,,
PD,JPOOL8,3,ELLVR,010,TTT,K4,D,,
PD,JPOOL8,3,ELLVR,020,ARDIA,K4,EA,,
PD,JPOOL8,3,ELLVR,030,ELLVR,K4,EA,,
PD,JPOOL8,3,HOARY,010,TTT,K4,D,,
PD,JPOOL8,3,HOARY,020,NELYN,K4,EA,,
PD,JPOOL8,3,HOARY,030,ACT,K4,D,,
PD,JPOOL8,3,HOARY,040,HOARY,K4,EA,,
PD,JPOOL8,3,SAT,010,TTT,K4,D,,
PD,JPOOL8,3,SAT,020,NELYN,K4,EA,,
PD,JPOOL8,3,SAT,030,ACT,K4,D,,
PD,JPOOL8,3,SAT,040,HOARY,K4,EA,,
PD,JPOOL8,3,SAT,050,SAT,K4,D,,
PD,JPOOL8,3,TNV,010,TTT,K4,D,,
PD,JPOOL8,3,TNV,020,DARTZ,K4,EA,,
PD,JPOOL8,3,TNV,030,BRDEN,K4,EA,,
PD,JPOOL8,3,TNV,040,TORNN,K4,EA,,
PD,JPOOL8,3,TNV,050,TNV,K4,D,,
PD,JPOOL8,3,TORNN,010,TTT,K4,D,,
PD,JPOOL8,3,TORNN,020,DARTZ,K4,EA,,
PD,JPOOL8,3,TORNN,030,BRDEN,K4,EA,,
PD,JPOOL8,3,TORNN,040,TORNN,K4,EA,,
PD,JPOOL8,3,WINDU,010,TTT,K4,D,,
PD,JPOOL8,3,WINDU,020,JASPA,K4,EA,,
PD,JPOOL8,3,WINDU,030,WINDU,K4,EA,,
PD,KATZZ2,4,RW17C,010,,,,,
PD,KATZZ2,4,RW17C,020,LARRN,K4,PC,05000,
PD,KATZZ2,4,RW17C,030,GIGEM,K4,PC,,
PD,KATZZ2,4,RW17C,040,TANNO,K4,PC,,
PD,KATZZ2,4,RW17C,050,ROOOO,K4,EA,,
PD,KATZZ2,4,RW17R,010,,,,,
PD,KATZZ2,4,RW17R,020,LARRN,K4,PC,05000,
PD,KATZZ2,4,RW17R,030,GIGEM,K4,PC,,
PD,KATZZ2,4,RW17R,040,TANNO,K4,PC,,
PD,KATZZ2,4,RW17R,050,ROOOO,K4,EA,,
PD,KATZZ2,4,RW18B,010,,,,01120,
PD,KATZZ2,4,RW18B,020,LARRN,K4,PC,05000,
PD,KATZZ2,4,RW18B,030,GIGEM,K4,PC,,
PD,KATZZ2,4,RW18B,040,TANNO,K4,PC,,
PD,KATZZ2,4,RW18B,050,ROOOO,K4,EA,,
PD,KATZZ2,4,RW31L,010,,,,,
PD,KATZZ2,4,RW31L,020,ROOOO,K4,EA,,
PD,KATZZ2,4,RW31R,010,,,,,
PD,KATZZ2,4,RW31R,020,ROOOO,K4,EA,,
PD,KATZZ2,4,RW35C,010,,,,,
PD,KATZZ2,4,RW35C,020,GVINE,K4,PC,,
PD,KATZZ2,4,RW35C,030,KMART,K4,PC,05500,
PD,KATZZ2,4,RW35C,040,MARSN,K4,PC,,
PD,KATZZ2,4,RW35C,050,ROOOO,K4,EA,,
PD,KATZZ2,4,RW35L,010,,,,,
PD,KATZZ2,4,RW35L,020,GVINE,K4,PC,,
PD,KATZZ2,4,RW35L,030,KMART,K4,PC,05500,
PD,KATZZ2,4,RW35L,040,MARSN,K4,PC,,
PD,KATZZ2,4,RW35L,050,ROOOO,K4,EA,,
PD,KATZZ2,4,RW36L,010,,,,,
PD,KATZZ2,4,RW36L,020,GVINE,K4,PC,,
PD,KATZZ2,4,RW36L,030,KMART,K4,PC,05500,
PD,KATZZ2,4,RW36L,040,MARSN,K4,PC,,
PD,KATZZ2,4,RW36L,050,ROOOO,K4,EA,,
PD,KATZZ2,4,RW36R,010,,,,,
PD,KATZZ2,4,RW36R,020,GVINE,K4,PC,,
PD,KATZZ2,4,RW36R,030,KMART,K4,PC,05500,
PD,KATZZ2,4,RW36R,040,MARSN,K4,PC,,
PD,KATZZ2,4,RW36R,050,ROOOO,K4,EA,,
PD,KATZZ2,5,,010,ROOOO,K4,EA,,
PD,KATZZ2,5,,020,RUFFS,K4,EA,,
PD,KATZZ2,5,,030,KATZZ,K4,EA,,
PD,KATZZ2,6,BRHMA,010,KATZZ,K4,EA,,
PD,KATZZ2,6,BRHMA,020,BRHMA,K4,EA,,
PD,KEENE6,T,RW13L,010,,,,01006,
PD,KEENE6,T,RW13L,020,,,,,
PD,KEENE6,T,RW13R,010,,,,01006,
PD,KEENE6,T,RW13R,020,,,,,
PD,KEENE6,T,RW17B,010,,,,01006,
PD,KEENE6,T,RW17B,020,,,,,
PD,KEENE6,T,RW18B,010,,,,01006,
PD,KEENE6,T,RW18B,020,,,,,
PD,KEENE6,T,RW31L,010,,,,01006,
PD,KEENE6,T,RW31L,020,,,,,
PD,KEENE6,T,RW31R,010,,,,01006,
PD,KEENE6,T,RW31R,020,,,,,
PD,KEENE6,T,RW35B,010,,,,01006,
PD,KEENE6,T,RW35B,020,,,,,
PD,KEENE6,T,RW36B,010,,,,01006,
PD,KEENE6,T,RW36B,020,,,,,
PD,KING5,2,ALL,010,TTT,K4,D,,
PD,KING5,3,LBB,010,TTT,K4,D,,
PD,KING5,3,LBB,020,PODDE,K4,EA,,
PD,KING5,3,LBB,030,MQP,K4,D,,
PD,KING5,3,LBB,040,ABI,K4,D,,
PD,KING5,3,LBB,050,LBB,K4,D,,
PD,KING5,3,MQP,010,TTT,K4,D,,
PD,KING5,3,MQP,020,PODDE,K4,EA,,
PD,KING5,3,MQP,030,MQP,K4,D,,
PD,KING5,3,PODDE,010,TTT,K4,D,,
PD,KING5,3,PODDE,020,PODDE,K4,EA,,
PD,KING5,3,SPS,010,TTT,K4,D,,
PD,KING5,3,SPS,020,FERRA,K4,EA,,
PD,KING5,3,SPS,030,MUZZO,K4,EA,,
PD,KING5,3,SPS,040,KARYN,K4,EA,,
PD,KING5,3,SPS,050,SPS,K4,D,,
PD,KUSSO2,5,ALL,010,SALVE,K4,EA,,
PD,KUSSO2,5,ALL,020,KUSSO,K4,EA,,
PD,KUSSO2,6,BDDAY,010,KUSSO,K4,EA,,
PD,KUSSO2,6,BDDAY,020,THHOR,K4,EA,,
PD,KUSSO2,6,BDDAY,030,JJANE,K4,EA,,
PD,KUSSO2,6,BDDAY,040,MRSSH,K4,EA,,
PD,KUSSO2,6,BDDAY,050,BDDAY,K4,EA,,
PD,KUSSO2,6,BSKAT,010,KUSSO,K4,EA,,
PD,KUSSO2,6,BSKAT,020,ZERLU,K4,EA,,
PD,KUSSO2,6,BSKAT,030,SWDIA,K4,EA,,
PD,KUSSO2,6,BSKAT,040,ZACHH,K4,EA,,
PD,KUSSO2,6,BSKAT,050,BSKAT,K4,EA,,
PD,KUSSO2,6,FORCK,010,KUSSO,K4,EA,,
PD,KUSSO2,6,FORCK,020,HANUH,K4,EA,,
PD,KUSSO2,6,FORCK,030,LYING,K4,EA,,
PD,KUSSO2,6,FORCK,040,FORCK,K4,EA,,
PD,KUSSO2,6,LOOSE,010,KUSSO,K4,EA,,
PD,KUSSO2,6,LOOSE,020,TRRCH,K4,EA,,
PD,KUSSO2,6,LOOSE,030,JAYXX,K4,EA,,
PD,KUSSO2,6,LOOSE,040,TRYTN,K4,EA,,
PD,KUSSO2,6,LOOSE,050,LOOSE,K4,EA,,
PD,KUSSO2,6,MRSSH,010,KUSSO,K4,EA,,
PD,KUSSO2,6,MRSSH,020,THHOR,K4,EA,,
PD,KUSSO2,6,MRSSH,030,JJANE,K4,EA,,
PD,KUSSO2,6,MRSSH,040,MRSSH,K4,EA,,
PD,KUSSO2,6,ZALEA,010,KUSSO,K4,EA,,
PD,KUSSO2,6,ZALEA,020,THHOR,K4,EA,,
PD,KUSSO2,6,ZALEA,030,JJANE,K4,EA,,
PD,KUSSO2,6,ZALEA,040,MRSSH,K4,EA,,
PD,KUSSO2,6,ZALEA,050,ZALEA,K4,EA,,
PD,LOWGN8,4,RW17C,010,,,,,
PD,LOWGN8,4,RW17C,020,SPERA,K4,PC,,
PD,LOWGN8,4,RW17C,030,JGIRL,K4,PC,05000,
PD,LOWGN8,4,RW17C,040,CORTS,K4,PC,,
PD,LOWGN8,4,RW17C,050,BIGGD,K4,PC,,
PD,LOWGN8,4,RW17C,060,CMORE,K4,PC,,
PD,LOWGN8,4,RW17C,070,LOWGN,K4,EA,,
PD,LOWGN8,4,RW17R,010,,,,,
PD,LOWGN8,4,RW17R,020,SPERA,K4,PC,,
PD,LOWGN8,4,RW17R,030,JGIRL,K4,PC,05000,
PD,LOWGN8,4,RW17R,040,CORTS,K4,PC,,
PD,LOWGN8,4,RW17R,050,BIGGD,K4,PC,,
PD,LOWGN8,4,RW17R,060,CMORE,K4,PC,,
PD,LOWGN8,4,RW17R,070,LOWGN,K4,EA,,
PD,LOWGN8,4,RW18L,010,,,,,
PD,LOWGN8,4,RW18L,020,BPARK,K4,PC,,
PD,LOWGN8,4,RW18L,030,YAMEL,K4,PC,05000,
PD,LOWGN8,4,RW18L,040,FIRMN,K4,PC,,
PD,LOWGN8,4,RW18L,050,BINGM,K4,PC,,
PD,LOWGN8,4,RW18L,060,BEMMR,K4,PC,,
PD,LOWGN8,4,RW18L,070,LOWGN,K4,EA,,
PD,LOWGN8,4,RW18R,010,,,,,
PD,LOWGN8,4,RW18R,020,BPARK,K4,PC,,
PD,LOWGN8,4,RW18R,030,YAMEL,K4,PC,05000,
PD,LOWGN8,4,RW18R,040,FIRMN,K4,PC,,
PD,LOWGN8,4,RW18R,050,BINGM,K4,PC,,
PD,LOWGN8,4,RW18R,060,BEMMR,K4,PC,,
PD,LOWGN8,4,RW18R,070,LOWGN,K4,EA,,
PD,LOWGN8,4,RW31L,010,,,,,
PD,LOWGN8,4,RW31L,020,LOWGN,K4,EA,,
PD,LOWGN8,4,RW31R,010,,,,,
PD,LOWGN8,4,RW31R,020,LOWGN,K4,EA,,
PD,LOWGN8,4,RW35C,010,,,,01120,
PD,LOWGN8,4,RW35C,020,CUZEN,K4,PC,05000,
PD,LOWGN8,4,RW35C,030,YUNGG,K4,PC,07000,
PD,LOWGN8,4,RW35C,040,LOWGN,K4,EA,,
PD,LOWGN8,4,RW35L,010,,,,01120,
PD,LOWGN8,4,RW35L,020,CUZEN,K4,PC,05000,
PD,LOWGN8,4,RW35L,030,YUNGG,K4,PC,07000,
PD,LOWGN8,4,RW35L,040,LOWGN,K4,EA,,
PD,LOWGN8,4,RW36B,010,,,,01120,
PD,LOWGN8,4,RW36B,020,HAZKL,K4,PC,05000,
PD,LOWGN8,4,RW36B,030,AZIDE,K4,PC,09000,
PD,LOWGN8,4,RW36B,040,LOWGN,K4,EA,,
PD,LOWGN8,6,ADM,010,LOWGN,K4,EA,,
PD,LOWGN8,6,ADM,020,ADM,K4,D,,
PD,LOWGN8,6,ROLLS,010,LOWGN,K4,EA,,
PD,LOWGN8,6,ROLLS,020,ADM,K4,D,,
PD,LOWGN8,6,ROLLS,030,MRMAC,K4,EA,,
PD,LOWGN8,6,ROLLS,040,ROLLS,K4,EA,,
PD,MRSSH3,4,RW17C,010,,,,01120,
PD,MRSSH3,4,RW17C,020,TREXX,K4,PC,05000,
PD,MRSSH3,4,RW17C,030,JOLEN,K4,PC,,
PD,MRSSH3,4,RW17C,040,THHOR,K4,EA,,
PD,MRSSH3,4,RW17R,010,,,,01120,
PD,MRSSH3,4,RW17R,020,TREXX,K4,PC,05000,
PD,MRSSH3,4,RW17R,030,JOLEN,K4,PC,,
PD,MRSSH3,4,RW17R,040,THHOR,K4,EA,,
PD,MRSSH3,4,RW18L,010,,,,,
PD,MRSSH3,4,RW18L,020,TREXX,K4,PC,05000,
PD,MRSSH3,4,RW18L,030,JOLEN,K4,PC,,
PD,MRSSH3,4,RW18L,040,THHOR,K4,EA,,
PD,MRSSH3,4,RW18R,010,,,,,
PD,MRSSH3,4,RW18R,020,TREXX,K4,PC,05000,
PD,MRSSH3,4,RW18R,030,JOLEN,K4,PC,,
PD,MRSSH3,4,RW18R,040,THHOR,K4,EA,,
PD,MRSSH3,4,RW31L,010,,,,,
PD,MRSSH3,4,RW31L,020,THHOR,K4,EA,,
PD,MRSSH3,4,RW31R,010,,,,,
PD,MRSSH3,4,RW31R,020,THHOR,K4,EA,,
PD,MRSSH3,4,RW35C,010,,,,,
PD,MRSSH3,4,RW35C,020,MECHL,K4,PC,04000,
PD,MRSSH3,4,RW35C,030,BORDD,K4,PC,06000,
PD,MRSSH3,4,RW35C,040,JYMME,K4,EA,07000,
PD,MRSSH3,4,RW35C,050,THHOR,K4,EA,,
PD,MRSSH3,4,RW35L,010,,,,,
PD,MRSSH3,4,RW35L,020,MECHL,K4,PC,04000,
PD,MRSSH3,4,RW35L,030,BORDD,K4,PC,06000,
PD,MRSSH3,4,RW35L,040,JYMME,K4,EA,07000,
PD,MRSSH3,4,RW35L,050,THHOR,K4,EA,,
PD,MRSSH3,4,RW36L,010,,,,,
PD,MRSSH3,4,RW36L,020,MECHL,K4,PC,04000,
PD,MRSSH3,4,RW36L,030,BORDD,K4,PC,06000,
PD,MRSSH3,4,RW36L,040,JYMME,K4,EA,07000,
PD,MRSSH3,4,RW36L,050,THHOR,K4,EA,,
PD,MRSSH3,4,RW36R,010,,,,,
PD,MRSSH3,4,RW36R,020,MECHL,K4,PC,04000,
PD,MRSSH3,4,RW36R,030,BORDD,K4,PC,06000,
PD,MRSSH3,4,RW36R,040,JYMME,K4,EA,07000,
PD,MRSSH3,4,RW36R,050,THHOR,K4,EA,,
PD,MRSSH3,5,,010,THHOR,K4,EA,,
PD,MRSSH3,5,,020,JJANE,K4,EA,,
PD,MRSSH3,5,,030,MRSSH,K4,EA,,
PD,MRSSH3,6,BDDAY,010,MRSSH,K4,EA,,
PD,MRSSH3,6,BDDAY,020,BDDAY,K4,EA,,
PD,MRSSH3,6,ZALEA,010,MRSSH,K4,EA,,
PD,MRSSH3,6,ZALEA,020,ZALEA,K4,EA,,
PD,NELYN6,4,RW17C,010,,,,01120,
PD,NELYN6,4,RW17C,020,TREXX,K4,PC,05000,
PD,NELYN6,4,RW17C,030,DALBY,K4,PC,,
PD,NELYN6,4,RW17C,040,ONKAE,K4,PC,10000,
PD,NELYN6,4,RW17C,050,NELYN,K4,EA,,
PD,NELYN6,4,RW17R,010,,,,01120,
PD,NELYN6,4,RW17R,020,TREXX,K4,PC,05000,
PD,NELYN6,4,RW17R,030,DALBY,K4,PC,,
PD,NELYN6,4,RW17R,040,ONKAE,K4,PC,10000,
PD,NELYN6,4,RW17R,050,NELYN,K4,EA,,
PD,NELYN6,4,RW18B,010,,,,01120,
PD,NELYN6,4,RW18B,020,LARRN,K4,PC,05000,
PD,NELYN6,4,RW18B,030,WETUR,K4,PC,10000,
PD,NELYN6,4,RW18B,040,NELYN,K4,EA,,
PD,NELYN6,4,RW31L,010,,,,,
PD,NELYN6,4,RW31L,020,NELYN,K4,EA,,
PD,NELYN6,4,RW31R,010,,,,,
PD,NELYN6,4,RW31R,020,NELYN,K4,EA,,
PD,NELYN6,4,RW35C,010,,,,,
PD,NELYN6,4,RW35C,020,MECHL,K4,PC,04000,
PD,NELYN6,4,RW35C,030,BORDD,K4,PC,06000,
PD,NELYN6,4,RW35C,040,JYMME,K4,EA,07000,
PD,NELYN6,4,RW35C,050,OWLLS,K4,PC,,
PD,NELYN6,4,RW35C,060,SKTRR,K4,PC,,
PD,NELYN6,4,RW35C,070,NELYN,K4,EA,,
PD,NELYN6,4,RW35L,010,,,,,
PD,NELYN6,4,RW35L,020,MECHL,K4,PC,04000,
PD,NELYN6,4,RW35L,030,BORDD,K4,PC,06000,
PD,NELYN6,4,RW35L,040,JYMME,K4,EA,07000,
PD,NELYN6,4,RW35L,050,OWLLS,K4,PC,,
PD,NELYN6,4,RW35L,060,SKTRR,K4,PC,,
PD,NELYN6,4,RW35L,070,NELYN,K4,EA,,
PD,NELYN6,4,RW36L,010,,,,,
PD,NELYN6,4,RW36L,020,GVINE,K4,PC,,
PD,NELYN6,4,RW36L,030,KMART,K4,PC,05500,
PD,NELYN6,4,RW36L,040,MARSN,K4,PC,,
PD,NELYN6,4,RW36L,050,KELLR,K4,PC,,
PD,NELYN6,4,RW36L,060,MYGAL,K4,PC,,
PD,NELYN6,4,RW36L,070,NELYN,K4,EA,,
PD,NELYN6,4,RW36R,010,,,,,
PD,NELYN6,4,RW36R,020,GVINE,K4,PC,,
PD,NELYN6,4,RW36R,030,KMART,K4,PC,05500,
PD,NELYN6,4,RW36R,040,MARSN,K4,PC,,
PD,NELYN6,4,RW36R,050,KELLR,K4,PC,,
PD,NELYN6,4,RW36R,060,MYGAL,K4,PC,,
PD,NELYN6,4,RW36R,070,NELYN,K4,EA,,
PD,NELYN6,6,ACT,010,NELYN,K4,EA,,
PD,NELYN6,6,ACT,020,ACT,K4,D,,
PD,NELYN6,6,HOARY,010,NELYN,K4,EA,,
PD,NELYN6,6,HOARY,020,ACT,K4,D,,
PD,NELYN6,6,HOARY,030,PRIZE,K4,EA,,
PD,NELYN6,6,HOARY,040,HOARY,K4,EA,,
PD,NELYN6,6,SAT,010,NELYN,K4,EA,,
PD,NELYN6,6,SAT,020,ACT,K4,D,,
PD,NELYN6,6,SAT,030,PRIZE,K4,EA,,
PD,NELYN6,6,SAT,040,HOARY,K4,EA,,
PD,NELYN6,6,SAT,050,SAT,K4,D,,
PD,TEX5,2,ALL,010,FUZ,K4,D,,
PD,TEX5,3,ADM,010,FUZ,K4,D,,
PD,TEX5,3,ADM,020,LOWGN,K4,EA,,
PD,TEX5,3,ADM,030,ADM,K4,D,,
PD,TEX5,3,BLECO,010,FUZ,K4,D,,
PD,TEX5,3,BLECO,020,BLECO,K4,EA,,
PD,TEX5,3,DECKK,010,FUZ,K4,D,,
PD,TEX5,3,DECKK,020,BLECO,K4,EA,,
PD,TEX5,3,DECKK,030,ZEMMA,K4,EA,,
PD,TEX5,3,DECKK,040,NOOGY,K4,EA,,
PD,TEX5,3,DECKK,050,DECKK,K4,EA,,
PD,TEX5,3,EAKER,010,FUZ,K4,D,,
PD,TEX5,3,EAKER,020,GRABE,K4,EA,,
PD,TEX5,3,EAKER,030,EAKER,K4,EA,,
PD,TEX5,3,GRABE,010,FUZ,K4,D,,
PD,TEX5,3,GRABE,020,GRABE,K4,EA,,
PD,TEX5,3,IRW,010,FUZ,K4,D,,
PD,TEX5,3,IRW,020,BLECO,K4,EA,,
PD,TEX5,3,IRW,030,ZEMMA,K4,EA,,
PD,TEX5,3,IRW,040,IRW,K4,D,,
PD,TEX5,3,OKM,010,FUZ,K4,D,,
PD,TEX5,3,OKM,020,GRABE,K4,EA,,
PD,TEX5,3,OKM,030,EAKER,K4,EA,,
PD,TEX5,3,OKM,040,OKM,K4,D,,
PD,TEX5,3,ROLLS,010,FUZ,K4,D,,
PD,TEX5,3,ROLLS,020,LOWGN,K4,EA,,
PD,TEX5,3,ROLLS,030,ADM,K4,D,,
PD,TEX5,3,ROLLS,040,MRMAC,K4,EA,,
PD,TEX5,3,ROLLS,050,ROLLS,K4,EA,,
PD,TEX5,3,TUL,010,FUZ,K4,D,,
PD,TEX5,3,TUL,020,BLECO,K4,EA,,
PD,TEX5,3,TUL,030,ZEMMA,K4,EA,,
PD,TEX5,3,TUL,040,TUL,K4,D,,
PD,TEX5,3,ZEMMA,010,FUZ,K4,D,,
PD,TEX5,3,ZEMMA,020,BLECO,K4,EA,,
PD,TEX5,3,ZEMMA,030,ZEMMA,K4,EA,,
PD,TGATE4,T,RW13B,010,,,,,
PD,TGATE4,T,RW17B,010,,,,01006,
PD,TGATE4,T,RW17B,020,,,,,
PD,TGATE4,T,RW18B,010,,,,01006,
PD,TGATE4,T,RW18B,020,,,,,
PD,TGATE4,T,RW31L,010,,,,01006,
PD,TGATE4,T,RW31L,020,,,,,
PD,TGATE4,T,RW31R,010,,,,01006,
PD,TGATE4,T,RW31R,020,,,,,
PD,TGATE4,T,RW35C,010,,,,01006,
PD,TGATE4,T,RW35C,020,,,,,
PD,TGATE4,T,RW35L,010,,,,01006,
PD,TGATE4,T,RW35L,020,,,,,
PD,TGATE4,T,RW36B,010,,,,01006,
PD,TGATE4,T,RW36B,020,,,,,
PD,TRYTN4,4,RW17C,010,,,,,
PD,TRYTN4,4,RW17C,020,SPERA,K4,PC,,
PD,TRYTN4,4,RW17C,030,JGIRL,K4,PC,05000,
PD,TRYTN4,4,RW17C,040,CORTS,K4,PC,,
PD,TRYTN4,4,RW17C,050,TRRCH,K4,EA,,
PD,TRYTN4,4,RW17R,010,,,,,
PD,TRYTN4,4,RW17R,020,SPERA,K4,PC,,
PD,TRYTN4,4,RW17R,030,JGIRL,K4,PC,05000,
PD,TRYTN4,4,RW17R,040,CORTS,K4,PC,,
PD,TRYTN4,4,RW17R,050,TRRCH,K4,EA,,
PD,TRYTN4,4,RW18L,010,,,,,
PD,TRYTN4,4,RW18L,020,SPERA,K4,PC,,
PD,TRYTN4,4,RW18L,030,JGIRL,K4,PC,05000,
PD,TRYTN4,4,RW18L,040,CORTS,K4,PC,,
PD,TRYTN4,4,RW18L,050,TRRCH,K4,EA,,
PD,TRYTN4,4,RW18R,010,,,,,
PD,TRYTN4,4,RW18R,020,SPERA,K4,PC,,
PD,TRYTN4,4,RW18R,030,JGIRL,K4,PC,05000,
PD,TRYTN4,4,RW18R,040,CORTS,K4,PC,,
PD,TRYTN4,4,RW18R,050,TRRCH,K4,EA,,
PD,TRYTN4,4,RW31L,010,,,,,
PD,TRYTN4,4,RW31L,020,TRRCH,K4,EA,,
PD,TRYTN4,4,RW31R,010,,,,,
PD,TRYTN4,4,RW31R,020,TRRCH,K4,EA,,
PD,TRYTN4,4,RW35C,010,,,,01120,
PD,TRYTN4,4,RW35C,020,CUZEN,K4,PC,05000,
PD,TRYTN4,4,RW35C,030,FEZTR,K4,PC,07000,
PD,TRYTN4,4,RW35C,040,SWYFT,K4,PC,,
PD,TRYTN4,4,RW35C,050,TRRCH,K4,EA,,
PD,TRYTN4,4,RW35L,010,,,,01120,
PD,TRYTN4,4,RW35L,020,CUZEN,K4,PC,05000,
PD,TRYTN4,4,RW35L,030,FEZTR,K4,PC,07000,
PD,TRYTN4,4,RW35L,040,SWYFT,K4,PC,,
PD,TRYTN4,4,RW35L,050,TRRCH,K4,EA,,
PD,TRYTN4,4,RW36L,010,,,,,
PD,TRYTN4,4,RW36L,020,CUZEN,K4,PC,05000,
PD,TRYTN4,4,RW36L,030,FEZTR,K4,PC,07000,
PD,TRYTN4,4,RW36L,040,SWYFT,K4,PC,,
PD,TRYTN4,4,RW36L,050,TRRCH,K4,EA,,
PD,TRYTN4,4,RW36R,010,,,,,
PD,TRYTN4,4,RW36R,020,CUZEN,K4,PC,05000,
PD,TRYTN4,4,RW36R,030,FEZTR,K4,PC,07000,
PD,TRYTN4,4,RW36R,040,SWYFT,K4,PC,,
PD,TRYTN4,4,RW36R,050,TRRCH,K4,EA,,
PD,TRYTN4,5,,010,TRRCH,K4,EA,,
PD,TRYTN4,5,,020,JAYXX,K4,EA,,
PD,TRYTN4,5,,030,TRYTN,K4,EA,,
PD,TRYTN4,6,LOOSE,010,TRYTN,K4,EA,,
PD,TRYTN4,6,LOOSE,020,LOOSE,K4,EA,,
PD,WORTH1,2,ALL,010,TTT,K4,D,,
PD,WORTH1,3,ABI,010,TTT,K4,D,,
PD,WORTH1,3,ABI,020,PODDE,K4,EA,,
PD,WORTH1,3,ABI,030,MQP,K4,D,,
PD,WORTH1,3,ABI,040,ABI,K4,D,,
PD,WORTH1,3,CDS,010,TTT,K4,D,,
PD,WORTH1,3,CDS,020,FERRA,K4,EA,,
PD,WORTH1,3,CDS,030,SCABI,K4,EA,,
PD,WORTH1,3,CDS,040,CDS,K4,D,,
PD,WORTH1,3,CNX,010,TTT,K4,D,,
PD,WORTH1,3,CNX,020,PODDE,K4,EA,,
PD,WORTH1,3,CNX,030,MQP,K4,D,,
PD,WORTH1,3,CNX,040,ABI,K4,D,,
PD,WORTH1,3,CNX,050,LBB,K4,D,,
PD,WORTH1,3,CNX,060,CNX,K2,D,,
PD,WORTH1,3,LBB,010,TTT,K4,D,,
PD,WORTH1,3,LBB,020,PODDE,K4,EA,,
PD,WORTH1,3,LBB,030,MQP,K4,D,,
PD,WORTH1,3,LBB,040,ABI,K4,D,,
PD,WORTH1,3,LBB,050,LBB,K4,D,,
PD,WORTH1,3,PNH,010,TTT,K4,D,,
PD,WORTH1,3,PNH,020,FERRA,K4,EA,,
PD,WORTH1,3,PNH,030,SCABI,K4,EA,,
PD,WORTH1,3,PNH,040,CDS,K4,D,,
PD,WORTH1,3,PNH,050,PNH,K4,D,,
PD,WORTH1,3,PODDE,010,TTT,K4,D,,
PD,WORTH1,3,PODDE,020,PODDE,K4,EA,,
PD,WORTH1,3,TXO,010,TTT,K4,D,,
PD,WORTH1,3,TXO,020,PODDE,K4,EA,,
PD,WORTH1,3,TXO,030,MQP,K4,D,,
PD,WORTH1,3,TXO,040,ABI,K4,D,,
PD,WORTH1,3,TXO,050,LBB,K4,D,,
PD,WORTH1,3,TXO,060,TXO,K4,D,,
PD,WSTEX2,4,RW17C,010,,,,,
PD,WSTEX2,4,RW17C,020,LARRN,K4,PC,05000,
PD,WSTEX2,4,RW17C,030,GIGEM,K4,PC,,
PD,WSTEX2,4,RW17C,040,RBBIT,K4,EA,,
PD,WSTEX2,4,RW17R,010,,,,,
PD,WSTEX2,4,RW17R,020,LARRN,K4,PC,05000,
PD,WSTEX2,4,RW17R,030,GIGEM,K4,PC,,
PD,WSTEX2,4,RW17R,040,RBBIT,K4,EA,,
PD,WSTEX2,4,RW18B,010,,,,01120,
PD,WSTEX2,4,RW18B,020,LARRN,K4,PC,05000,
PD,WSTEX2,4,RW18B,030,GIGEM,K4,PC,,
PD,WSTEX2,4,RW18B,040,RBBIT,K4,EA,,
PD,WSTEX2,4,RW31L,010,,,,,
PD,WSTEX2,4,RW31L,020,RBBIT,K4,EA,,
PD,WSTEX2,4,RW31R,010,,,,,
PD,WSTEX2,4,RW31R,020,RBBIT,K4,EA,,
PD,WSTEX2,4,RW35C,010,,,,,
PD,WSTEX2,4,RW35C,020,GVINE,K4,PC,,
PD,WSTEX2,4,RW35C,030,KMART,K4,PC,05500,
PD,WSTEX2,4,RW35C,040,MARSN,K4,PC,,
PD,WSTEX2,4,RW35C,050,RBBIT,K4,EA,,
PD,WSTEX2,4,RW35L,010,,,,,
PD,WSTEX2,4,RW35L,020,GVINE,K4,PC,,
PD,WSTEX2,4,RW35L,030,KMART,K4,PC,05500,
PD,WSTEX2,4,RW35L,040,MARSN,K4,PC,,
PD,WSTEX2,4,RW35L,050,RBBIT,K4,EA,,
PD,WSTEX2,4,RW36L,010,,,,,
PD,WSTEX2,4,RW36L,020,GVINE,K4,PC,,
PD,WSTEX2,4,RW36L,030,KMART,K4,PC,05500,
PD,WSTEX2,4,RW36L,040,MARSN,K4,PC,,
PD,WSTEX2,4,RW36L,050,RBBIT,K4,EA,,
PD,WSTEX2,4,RW36R,010,,,,,
PD,WSTEX2,4,RW36R,020,GVINE,K4,PC,,
PD,WSTEX2,4,RW36R,030,KMART,K4,PC,05500,
PD,WSTEX2,4,RW36R,040,MARSN,K4,PC,,
PD,WSTEX2,4,RW36R,050,RBBIT,K4,EA,,
PD,WSTEX2,5,,010,RBBIT,K4,EA,,
PD,WSTEX2,5,,020,LYNDE,K4,EA,,
PD,WSTEX2,5,,030,WSTEX,K4,EA,,
PD,WSTEX2,6,CIKAN,010,WSTEX,K4,EA,,
PD,WSTEX2,6,CIKAN,020,CIKAN,K4,EA,,
PD,WSTEX2,6,DOSXX,010,WSTEX,K4,EA,,
PD,WSTEX2,6,DOSXX,020,DOSXX,K4,EA,,
PD,ZACHH4,4,RW17C,010,,,,,
PD,ZACHH4,4,RW17C,020,SPERA,K4,PC,,
PD,ZACHH4,4,RW17C,030,JGIRL,K4,PC,05000,
PD,ZACHH4,4,RW17C,040,CORTS,K4,PC,,
PD,ZACHH4,4,RW17C,050,ZERLU,K4,EA,,
PD,ZACHH4,4,RW17R,010,,,,,
PD,ZACHH4,4,RW17R,020,SPERA,K4,PC,,
PD,ZACHH4,4,RW17R,030,JGIRL,K4,PC,05000,
PD,ZACHH4,4,RW17R,040,CORTS,K4,PC,,
PD,ZACHH4,4,RW17R,050,ZERLU,K4,EA,,
PD,ZACHH4,4,RW18L,010,,,,,
PD,ZACHH4,4,RW18L,020,SPERA,K4,PC,,
PD,ZACHH4,4,RW18L,030,JGIRL,K4,PC,05000,
PD,ZACHH4,4,RW18L,040,CORTS,K4,PC,,
PD,ZACHH4,4,RW18L,050,ZERLU,K4,EA,,
PD,ZACHH4,4,RW18R,010,,,,,
PD,ZACHH4,4,RW18R,020,SPERA,K4,PC,,
PD,ZACHH4,4,RW18R,030,JGIRL,K4,PC,05000,
PD,ZACHH4,4,RW18R,040,CORTS,K4,PC,,
PD,ZACHH4,4,RW18R,050,ZERLU,K4,EA,,
PD,ZACHH4,4,RW31L,010,,,,,
PD,ZACHH4,4,RW31L,020,ZERLU,K4,EA,,
PD,ZACHH4,4,RW31R,010,,,,,
PD,ZACHH4,4,RW31R,020,ZERLU,K4,EA,,
PD,ZACHH4,4,RW35C,010,,,,01120,
PD,ZACHH4,4,RW35C,020,CUZEN,K4,PC,05000,
PD,ZACHH4,4,RW35C,030,FEZTR,K4,PC,07000,
PD,ZACHH4,4,RW35C,040,ZERLU,K4,EA,,
PD,ZACHH4,4,RW35L,010,,,,01120,
PD,ZACHH4,4,RW35L,020,CUZEN,K4,PC,05000,
PD,ZACHH4,4,RW35L,030,FEZTR,K4,PC,07000,
PD,ZACHH4,4,RW35L,040,ZERLU,K4,EA,,
PD,ZACHH4,4,RW36L,010,,,,,
PD,ZACHH4,4,RW36L,020,CUZEN,K4,PC,05000,
PD,ZACHH4,4,RW36L,030,FEZTR,K4,PC,07000,
PD,ZACHH4,4,RW36L,040,ZERLU,K4,EA,,
PD,ZACHH4,4,RW36R,010,,,,,
PD,ZACHH4,4,RW36R,020,CUZEN,K4,PC,05000,
PD,ZACHH4,4,RW36R,030,FEZTR,K4,PC,07000,
PD,ZACHH4,4,RW36R,040,ZERLU,K4,EA,,
PD,ZACHH4,5,,010,ZERLU,K4,EA,,
PD,ZACHH4,5,,020,SWDIA,K4,EA,,
PD,ZACHH4,5,,030,ZACHH,K4,EA,,
PD,ZACHH4,6,BSKAT,010,ZACHH,K4,EA,,
PD,ZACHH4,6,BSKAT,020,BSKAT,K4,EA,,
PE,BEREE3,4,CRIED,010,CRIED,K4,EA,,
PE,BEREE3,4,CRIED,020,POWND,K4,PC,,
PE,BEREE3,4,CRIED,030,WUUKY,K4,PC,FL300,FL240
PE,BEREE3,4,CRIED,040,BEREE,K4,PC,FL230,FL200
PE,BEREE3,4,OUTLN,010,OUTLN,K4,PC,,
PE,BEREE3,4,OUTLN,020,VEEYO,K4,PC,FL300,FL240
PE,BEREE3,4,OUTLN,030,BEREE,K4,PC,FL230,FL200
PE,BEREE3,4,PNUTS,010,PNUTS,K4,EA,,
PE,BEREE3,4,PNUTS,020,CLEWS,K4,PC,,
PE,BEREE3,4,PNUTS,030,POPSY,K4,PC,,
PE,BEREE3,4,PNUTS,040,MUZZY,K4,PC,FL300,FL240
PE,BEREE3,4,PNUTS,050,BEREE,K4,PC,FL230,FL200
PE,BEREE3,4,POPSY,010,POPSY,K4,PC,,
PE,BEREE3,4,POPSY,020,MUZZY,K4,PC,FL300,FL240
PE,BEREE3,4,POPSY,030,BEREE,K4,PC,FL230,FL200
PE,BEREE3,4,POWND,010,POWND,K4,PC,,
PE,BEREE3,4,POWND,020,WUUKY,K4,PC,FL300,FL240
PE,BEREE3,4,POWND,030,BEREE,K4,PC,FL230,FL200
PE,BEREE3,4,STUFT,010,STUFT,K4,PC,,
PE,BEREE3,4,STUFT,020,POWND,K4,PC,,
PE,BEREE3,4,STUFT,030,WUUKY,K4,PC,FL300,FL240
PE,BEREE3,4,STUFT,040,BEREE,K4,PC,FL230,FL200
PE,BEREE3,4,YUYUN,010,YUYUN,K4,PC,,
PE,BEREE3,4,YUYUN,020,WAITT,K4,PC,,
PE,BEREE3,4,YUYUN,030,PLMER,K4,PC,,
PE,BEREE3,4,YUYUN,040,OUTLN,K4,PC,,
PE,BEREE3,4,YUYUN,050,VEEYO,K4,PC,FL300,FL240
PE,BEREE3,4,YUYUN,060,BEREE,K4,PC,FL230,FL200
PE,BEREE3,5,ALL,010,BEREE,K4,PC,FL230,FL200
PE,BEREE3,5,ALL,020,BELLS,K4,PC,17000,15000
PE,BEREE3,5,ALL,030,TACKE,K4,EA,15000,13000
PE,BEREE3,5,ALL,040,WARDZ,K4,PC,13000,12000
PE,BEREE3,5,ALL,050,DIETZ,K4,PC,12000,
PE,BEREE3,5,ALL,060,WHOOT,K4,PC,,
PE,BEREE3,5,ALL,070,HEDMN,K4,PC,,
PE,BEREE3,5,ALL,080,HEDMN,K4,PC,,
PE,BOOVE7,4,GEEKY,010,GEEKY,K4,EA,,
PE,BOOVE7,4,GEEKY,020,SNGGL,K4,PC,,
PE,BOOVE7,4,GEEKY,030,NNJUH,K4,PC,,
PE,BOOVE7,4,GEEKY,040,GIBLT,K4,PC,FL300,FL240
PE,BOOVE7,4,GEEKY,050,DARRB,K4,PC,FL230,FL200
PE,BOOVE7,4,GEEKY,060,BOOVE,K4,PC,FL190,17000
PE,BOOVE7,4,GUTZZ,010,GUTZZ,K4,PC,,
PE,BOOVE7,4,GUTZZ,020,EGADS,K4,PC,,
PE,BOOVE7,4,GUTZZ,030,FDUBB,K4,PC,FL300,FL240
PE,BOOVE7,4,GUTZZ,040,KIILO,K4,PC,FL230,FL200
PE,BOOVE7,4,GUTZZ,050,KYSSS,K4,PC,,
PE,BOOVE7,4,GUTZZ,060,BOOVE,K4,PC,FL190,17000
PE,BOOVE7,4,KIILO,010,KIILO,K4,PC,FL230,FL200
PE,BOOVE7,4,KIILO,020,KYSSS,K4,PC,,
PE,BOOVE7,4,KIILO,030,BOOVE,K4,PC,FL190,17000
PE,BOOVE7,4,SNGGL,010,SNGGL,K4,PC,,
PE,BOOVE7,4,SNGGL,020,NNJUH,K4,PC,,
PE,BOOVE7,4,SNGGL,030,GIBLT,K4,PC,FL300,FL240
PE,BOOVE7,4,SNGGL,040,DARRB,K4,PC,FL230,FL200
PE,BOOVE7,4,SNGGL,050,BOOVE,K4,PC,FL190,17000
PE,BOOVE7,5,ALL,010,BOOVE,K4,PC,FL190,17000
PE,BOOVE7,5,ALL,020,SHMPP,K4,PC,17000,15000
PE,BOOVE7,5,ALL,030,CURLE,K4,EA,15000,13000
PE,BOOVE7,5,ALL,040,MOWWW,K4,PC,13000,12000
PE,BOOVE7,5,ALL,050,DELMO,K4,PC,12000,
PE,BOOVE7,5,ALL,060,LREEE,K4,PC,,
PE,BOOVE7,5,ALL,070,BEONE,K4,PC,,
PE,BOOVE7,5,ALL,080,BEONE,K4,PC,,
PE,BRDJE5,4,AXXEE,010,AXXEE,K4,EA,,
PE,BRDJE5,4,AXXEE,020,FSHEN,K4,PC,,
PE,BRDJE5,4,AXXEE,030,SEEVR,K4,EA,FL230,FL200
PE,BRDJE5,4,CHMLI,010,CHMLI,K4,PC,,
PE,BRDJE5,4,CHMLI,020,JUSST,K4,PC,,
PE,BRDJE5,4,CHMLI,030,TUSLE,K4,PC,FL300,FL240
PE,BRDJE5,4,CHMLI,040,SEEVR,K4,EA,FL230,FL200
PE,BRDJE5,4,FEWWW,010,FEWWW,K4,PC,,
PE,BRDJE5,4,FEWWW,020,PROWD,K4,PC,,
PE,BRDJE5,4,FEWWW,030,LETHR,K4,PC,,
PE,BRDJE5,4,FEWWW,040,ARMYY,K4,PC,FL300,FL240
PE,BRDJE5,4,FEWWW,050,SEEVR,K4,EA,FL230,FL200
PE,BRDJE5,4,HITUG,010,HITUG,K4,EA,,
PE,BRDJE5,4,HITUG,020,SSLID,K4,EA,,
PE,BRDJE5,4,HITUG,030,PLEZE,K4,PC,,
PE,BRDJE5,4,HITUG,040,CHMLI,K4,PC,,
PE,BRDJE5,4,HITUG,050,JUSST,K4,PC,,
PE,BRDJE5,4,HITUG,060,TUSLE,K4,PC,FL300,FL240
PE,BRDJE5,4,HITUG,070,SEEVR,K4,EA,FL230,FL200
PE,BRDJE5,4,JRHED,010,JRHED,K4,EA,,
PE,BRDJE5,4,JRHED,020,PROWD,K4,PC,,
PE,BRDJE5,4,JRHED,030,LETHR,K4,PC,,
PE,BRDJE5,4,JRHED,040,ARMYY,K4,PC,FL300,FL240
PE,BRDJE5,4,JRHED,050,SEEVR,K4,EA,FL230,FL200
PE,BRDJE5,4,PROWD,010,PROWD,K4,PC,,
PE,BRDJE5,4,PROWD,020,LETHR,K4,PC,,
PE,BRDJE5,4,PROWD,030,ARMYY,K4,PC,FL300,FL240
PE,BRDJE5,4,PROWD,040,SEEVR,K4,EA,FL230,FL200
PE,BRDJE5,4,RRNET,010,RRNET,K4,EA,,
PE,BRDJE5,4,RRNET,020,PLEZE,K4,PC,,
PE,BRDJE5,4,RRNET,030,CHMLI,K4,PC,,
PE,BRDJE5,4,RRNET,040,JUSST,K4,PC,,
PE,BRDJE5,4,RRNET,050,TUSLE,K4,PC,FL300,FL240
PE,BRDJE5,4,RRNET,060,SEEVR,K4,EA,FL230,FL200
PE,BRDJE5,4,RRONY,010,RRONY,K4,EA,,
PE,BRDJE5,4,RRONY,020,FRMEN,K4,PC,,
PE,BRDJE5,4,RRONY,030,SEEVR,K4,EA,FL230,FL200
PE,BRDJE5,5,ALL,010,SEEVR,K4,EA,FL230,FL200
PE,BRDJE5,5,ALL,020,BRDJE,K4,EA,FL190,17000
PE,BRDJE5,5,ALL,030,COVIE,K4,PC,17000,
PE,BRDJE5,5,ALL,040,LEMYN,K4,EA,15000,13000
PE,BRDJE5,5,ALL,050,PITHY,K4,PC,13000,12000
PE,BRDJE5,5,ALL,060,STONZ,K4,PC,12000,
PE,BRDJE5,5,ALL,070,ROCKZ,K4,PC,,
PE,BRDJE5,5,ALL,080,JEKIL,K4,PC,,
PE,BRDJE5,5,ALL,090,JEKIL,K4,PC,,
PE,CABBY2,4,PURRS,010,PURRS,K4,EA,,
PE,CABBY2,4,PURRS,020,DODJE,K4,EA,14000,
PE,CABBY2,5,ALL,010,DODJE,K4,EA,14000,
PE,CABBY2,5,ALL,020,CABBY,K4,EA,,
PE,CABBY2,5,ALL,030,ADEMS,K4,PC,14000,
PE,CABBY2,5,ALL,040,ELLER,K4,PC,14000,
PE,CABBY2,5,ALL,050,ELLER,K4,PC,,
PE,CAINE2,4,JONEZ,010,JONEZ,K4,EA,,
PE,CAINE2,4,JONEZ,020,DRRTH,K4,EA,,
PE,CAINE2,4,JONEZ,030,PRIZZ,K4,EA,,
PE,CAINE2,4,JONEZ,040,CAINE,K4,EA,,
PE,CAINE2,5,ALL,010,CAINE,K4,EA,,
PE,CAINE2,5,ALL,020,SASIE,K4,EA,12000,
PE,CAINE2,5,ALL,030,TADDI,K4,EA,,
PE,CAINE2,5,ALL,040,ORICK,K4,EA,12000,
PE,CAINE2,5,ALL,050,CARBS,K4,PC,12000,
PE,CAINE2,5,ALL,060,CARBS,K4,PC,,
PE,DAWGZ2,4,JONEZ,010,JONEZ,K4,EA,,
PE,DAWGZ2,4,JONEZ,020,DRRTH,K4,EA,,
PE,DAWGZ2,4,JONEZ,030,PRIZZ,K4,EA,,
PE,DAWGZ2,4,JONEZ,040,CAINE,K4,EA,,
PE,DAWGZ2,5,ALL,010,CAINE,K4,EA,,
PE,DAWGZ2,5,ALL,020,SASIE,K4,EA,09000,
PE,DAWGZ2,5,ALL,030,TADDI,K4,EA,,
PE,DAWGZ2,5,ALL,040,DAWGZ,K4,PC,,
PE,DAWGZ2,5,ALL,050,DAWGZ,K4,PC,,
PE,FINGR1,1,BYP,010,BYP,K4,D,,
PE,FINGR1,1,BYP,020,FINGR,K4,EA,,
PE,FINGR1,1,FSM,010,FSM,K4,D,,
PE,FINGR1,1,FSM,020,KOMMA,K4,EA,,
PE,FINGR1,1,FSM,030,MAMEE,K4,EA,,
PE,FINGR1,1,FSM,040,BIRLE,K4,EA,,
PE,FINGR1,1,FSM,050,GAATZ,K4,EA,,
PE,FINGR1,1,FSM,060,BYP,K4,D,,
PE,FINGR1,1,FSM,070,FINGR,K4,EA,,
PE,FINGR1,1,IRW,010,IRW,K4,D,,
PE,FINGR1,1,IRW,020,KRMSN,K4,EA,,
PE,FINGR1,1,IRW,030,RIGYA,K4,EA,,
PE,FINGR1,1,IRW,040,PRIZZ,K4,EA,,
PE,FINGR1,1,IRW,050,BYP,K4,D,,
PE,FINGR1,1,IRW,060,FINGR,K4,EA,,
PE,FINGR1,1,LIT,010,LIT,K4,D,,
PE,FINGR1,1,LIT,020,MEEOW,K4,EA,,
PE,FINGR1,1,LIT,030,GLOVE,K4,EA,,
PE,FINGR1,1,LIT,040,HAKIN,K4,EA,,
PE,FINGR1,1,LIT,050,MONTE,K4,EA,,
PE,FINGR1,1,LIT,060,ANDYA,K4,EA,,
PE,FINGR1,1,LIT,070,FINGR,K4,EA,,
PE,FINGR1,1,PRX,010,PRX,K4,D,,
PE,FINGR1,1,PRX,020,MONTE,K4,EA,,
PE,FINGR1,1,PRX,030,ANDYA,K4,EA,,
PE,FINGR1,1,PRX,040,FINGR,K4,EA,,
PE,FINGR1,1,RIGYA,010,RIGYA,K4,EA,,
PE,FINGR1,1,RIGYA,020,PRIZZ,K4,EA,,
PE,FINGR1,1,RIGYA,030,BYP,K4,D,,
PE,FINGR1,1,RIGYA,040,FINGR,K4,EA,,
PE,FINGR1,1,TUL,010,TUL,K4,D,,
PE,FINGR1,1,TUL,020,MAMEE,K4,EA,,
PE,FINGR1,1,TUL,030,BIRLE,K4,EA,,
PE,FINGR1,1,TUL,040,GAATZ,K4,EA,,
PE,FINGR1,1,TUL,050,BYP,K4,D,,
PE,FINGR1,1,TUL,060,FINGR,K4,EA,,
PE,FINGR1,1,TXK,010,TXK,K4,D,,
PE,FINGR1,1,TXK,020,GLOVE,K4,EA,,
PE,FINGR1,1,TXK,030,HAKIN,K4,EA,,
PE,FINGR1,1,TXK,040,MONTE,K4,EA,,
PE,FINGR1,1,TXK,050,ANDYA,K4,EA,,
PE,FINGR1,1,TXK,060,FINGR,K4,EA,,
PE,FINGR1,2,ALL,010,FINGR,K4,EA,,
PE,FINGR1,2,ALL,020,KDFW,K4,PA,,
PE,FORNY3,4,PURRS,010,PURRS,K4,EA,,
PE,FORNY3,4,PURRS,020,DODJE,K4,EA,11000,
PE,FORNY3,5,ALL,010,DODJE,K4,EA,11000,
PE,FORNY3,5,ALL,020,FORNY,K4,PC,,
PE,FORNY3,5,ALL,030,SOAAR,K4,PC,,
PE,FORNY3,5,ALL,040,SOAAR,K4,PC,,
PE,GIBBI2,4,GZNTA,010,GZNTA,K4,PC,FL240,
PE,GIBBI2,4,GZNTA,020,JTROE,K4,EA,FL230,
PE,GIBBI2,4,GZNTA,030,GHAUT,K4,PC,,
PE,GIBBI2,4,GZNTA,040,MASTY,K4,EA,,
PE,GIBBI2,4,GZNTA,050,BDEEN,K4,PC,16000,
PE,GIBBI2,4,GZNTA,060,GREGS,K4,EA,12000,
PE,GIBBI2,4,HYDES,010,HYDES,K4,EA,,
PE,GIBBI2,4,HYDES,020,GZNTA,K4,PC,FL240,
PE,GIBBI2,4,HYDES,030,JTROE,K4,EA,FL230,
PE,GIBBI2,4,HYDES,040,GHAUT,K4,PC,,
PE,GIBBI2,4,HYDES,050,MASTY,K4,EA,,
PE,GIBBI2,4,HYDES,060,BDEEN,K4,PC,16000,
PE,GIBBI2,4,HYDES,070,GREGS,K4,EA,12000,
PE,GIBBI2,5,ALL,010,GREGS,K4,EA,12000,
PE,GIBBI2,5,ALL,020,ODEEN,K4,PC,12000,
PE,GIBBI2,5,ALL,030,GIBBI,K4,PC,12000,
PE,GIBBI2,5,ALL,040,GIBBI,K4,PC,,
PE,JOVEM6,4,BELFR,010,BELFR,K4,PC,,
PE,JOVEM6,4,BELFR,020,LETNN,K4,PC,FL300,FL240
PE,JOVEM6,4,BELFR,040,VKTRY,K4,PC,FL180,15000
PE,JOVEM6,4,FAWNT,010,FAWNT,K4,EA,,
PE,JOVEM6,4,FAWNT,020,WNSTR,K4,PC,FL280,FL240
PE,JOVEM6,4,FAWNT,030,RBUKL,K4,PC,,
PE,JOVEM6,4,FAWNT,040,CRUTH,K4,PC,FL230,FL200
PE,JOVEM6,4,FAWNT,050,VKTRY,K4,PC,FL180,15000
PE,JOVEM6,4,HNKER,010,HNKER,K4,EA,,
PE,JOVEM6,4,HNKER,020,KWANA,K4,PC,,
PE,JOVEM6,4,HNKER,030,WLLTR,K4,PC,,
PE,JOVEM6,4,HNKER,040,GLOKK,K4,PC,FL300,FL240
PE,JOVEM6,4,HNKER,050,LAYMN,K4,PC,FL230,FL200
PE,JOVEM6,4,HNKER,060,VKTRY,K4,PC,FL180,15000
PE,JOVEM6,4,HOFFF,010,HOFFF,K4,PC,,
PE,JOVEM6,4,HOFFF,020,BBENN,K4,PC,,
PE,JOVEM6,4,HOFFF,030,TYPTN,K4,PC,,
PE,JOVEM6,4,HOFFF,040,COWNE,K4,PC,FL300,FL240
PE,JOVEM6,4,HOFFF,050,JEYAR,K4,PC,FL230,FL200
PE,JOVEM6,4,HOFFF,060,VKTRY,K4,PC,FL180,15000
PE,JOVEM6,4,IBAKE,010,IBAKE,K4,PC,,
PE,JOVEM6,4,IBAKE,020,FAWNT,K4,EA,,
PE,JOVEM6,4,IBAKE,030,WNSTR,K4,PC,FL280,FL240
PE,JOVEM6,4,IBAKE,040,RBUKL,K4,PC,,
PE,JOVEM6,4,IBAKE,050,CRUTH,K4,PC,FL230,FL200
PE,JOVEM6,4,IBAKE,060,VKTRY,K4,PC,FL180,15000
PE,JOVEM6,4,KLAWW,010,KLAWW,K4,EA,,
PE,JOVEM6,4,KLAWW,020,JERBL,K4,PC,,
PE,JOVEM6,4,KLAWW,030,BUDDD,K4,PC,,
PE,JOVEM6,4,KLAWW,040,FAWNT,K4,EA,,
PE,JOVEM6,4,KLAWW,050,WNSTR,K4,PC,FL280,FL240
PE,JOVEM6,4,KLAWW,060,RBUKL,K4,PC,,
PE,JOVEM6,4,KLAWW,070,CRUTH,K4,PC,FL230,FL200
PE,JOVEM6,4,KLAWW,080,VKTRY,K4,PC,FL180,15000
PE,JOVEM6,4,MDANO,010,MDANO,K4,EA,,
PE,JOVEM6,4,MDANO,020,BELFR,K4,PC,,
PE,JOVEM6,4,MDANO,030,LETNN,K4,PC,FL300,FL240
PE,JOVEM6,4,MDANO,040,ZUBOV,K4,PC,FL230,FL200
PE,JOVEM6,4,MDANO,050,VKTRY,K4,PC,FL180,15000
PE,JOVEM6,4,RBUKL,010,RBUKL,K4,PC,,
PE,JOVEM6,4,RBUKL,020,CRUTH,K4,PC,FL230,FL200
PE,JOVEM6,4,RBUKL,030,VKTRY,K4,PC,FL180,15000
PE,JOVEM6,4,TURKI,010,TURKI,K4,EA,,
PE,JOVEM6,4,TURKI,020,GANJA,K4,EA,,
PE,JOVEM6,4,TURKI,030,KWANA,K4,PC,,
PE,JOVEM6,4,TURKI,040,WLLTR,K4,PC,,
PE,JOVEM6,4,TURKI,050,GLOKK,K4,PC,FL300,FL240
PE,JOVEM6,4,TURKI,060,LAYMN,K4,PC,FL230,FL200
PE,JOVEM6,4,TURKI,070,VKTRY,K4,PC,FL180,15000
PE,JOVEM6,4,TYPTN,010,TYPTN,K4,PC,,
PE,JOVEM6,4,TYPTN,020,COWNE,K4,PC,FL300,FL240
PE,JOVEM6,4,TYPTN,030,JEYAR,K4,PC,FL230,FL200
PE,JOVEM6,4,TYPTN,040,VKTRY,K4,PC,FL180,15000
PE,JOVEM6,4,WLLTR,010,WLLTR,K4,PC,,
PE,JOVEM6,4,WLLTR,020,GLOKK,K4,PC,FL300,FL240
PE,JOVEM6,4,WLLTR,030,LAYMN,K4,PC,FL230,FL200
PE,JOVEM6,4,WLLTR,040,VKTRY,K4,PC,FL180,15000
PE,JOVEM6,5,ALL,010,VKTRY,K4,PC,FL180,15000
PE,JOVEM6,5,ALL,020,JOVEM,K4,PC,15000,13000
PE,JOVEM6,5,ALL,030,MSSLE,K4,PC,12000,
PE,JOVEM6,5,ALL,040,SILER,K4,PC,12000,
PE,JOVEM6,5,ALL,050,KBOOM,K4,PC,,
PE,JOVEM6,5,ALL,060,FUEWL,K4,PC,,
PE,JOVEM6,5,ALL,070,FUEWL,K4,PC,,
PE,PAWLZ3,4,BGTOE,010,BGTOE,K4,EA,,
PE,PAWLZ3,4,BGTOE,020,SHLLY,K4,EA,,
PE,PAWLZ3,4,BGTOE,030,PUNKY,K4,EA,,
PE,PAWLZ3,4,BGTOE,040,KNEAD,K4,EA,11000,
PE,PAWLZ3,4,DITSY,010,DITSY,K4,EA,,
PE,PAWLZ3,4,DITSY,020,CHRLY,K4,EA,,
PE,PAWLZ3,4,DITSY,030,FRSTI,K4,EA,,
PE,PAWLZ3,4,DITSY,040,KNEAD,K4,EA,11000,
PE,PAWLZ3,5,ALL,010,KNEAD,K4,EA,11000,
PE,PAWLZ3,5,ALL,020,TUUUU,K4,PC,,
PE,PAWLZ3,5,ALL,030,PAWLZ,K4,PC,,
PE,PAWLZ3,5,ALL,040,PAWLZ,K4,PC,,
PE,SEEVR4,4,AXXEE,010,AXXEE,K4,EA,,
PE,SEEVR4,4,AXXEE,020,MMANN,K4,PC,,
PE,SEEVR4,4,AXXEE,030,LKINS,K4,PC,FL230,FL210
PE,SEEVR4,4,AXXEE,040,SEEVR,K4,EA,16000,13000
PE,SEEVR4,4,CHMLI,010,CHMLI,K4,PC,,
PE,SEEVR4,4,CHMLI,020,JUSST,K4,PC,,
PE,SEEVR4,4,CHMLI,030,SWTCH,K4,PC,FL300,FL240
PE,SEEVR4,4,CHMLI,040,THEMM,K4,PC,FL210,
PE,SEEVR4,4,CHMLI,050,SEEVR,K4,EA,16000,13000
PE,SEEVR4,4,FEWWW,010,FEWWW,K4,PC,,
PE,SEEVR4,4,FEWWW,020,PROWD,K4,PC,,
PE,SEEVR4,4,FEWWW,030,LETHR,K4,PC,,
PE,SEEVR4,4,FEWWW,040,NECKK,K4,PC,FL300,FL240
PE,SEEVR4,4,FEWWW,050,SAYLR,K4,PC,FL210,
PE,SEEVR4,4,FEWWW,060,SEEVR,K4,EA,16000,13000
PE,SEEVR4,4,HITUG,010,HITUG,K4,EA,,
PE,SEEVR4,4,HITUG,020,SSLID,K4,EA,,
PE,SEEVR4,4,HITUG,030,PLEZE,K4,PC,,
PE,SEEVR4,4,HITUG,040,CHMLI,K4,PC,,
PE,SEEVR4,4,HITUG,050,JUSST,K4,PC,,
PE,SEEVR4,4,HITUG,060,SWTCH,K4,PC,FL300,FL240
PE,SEEVR4,4,HITUG,070,THEMM,K4,PC,FL210,
PE,SEEVR4,4,HITUG,080,SEEVR,K4,EA,16000,13000
PE,SEEVR4,4,JRHED,010,JRHED,K4,EA,,
PE,SEEVR4,4,JRHED,020,PROWD,K4,PC,,
PE,SEEVR4,4,JRHED,030,LETHR,K4,PC,,
PE,SEEVR4,4,JRHED,040,NECKK,K4,PC,FL300,FL240
PE,SEEVR4,4,JRHED,050,SAYLR,K4,PC,FL210,
PE,SEEVR4,4,JRHED,060,SEEVR,K4,EA,16000,13000
PE,SEEVR4,4,PROWD,010,PROWD,K4,PC,,
PE,SEEVR4,4,PROWD,020,LETHR,K4,PC,,
PE,SEEVR4,4,PROWD,030,NECKK,K4,PC,FL300,FL240
PE,SEEVR4,4,PROWD,040,SAYLR,K4,PC,FL210,
PE,SEEVR4,4,PROWD,050,SEEVR,K4,EA,16000,13000
PE,SEEVR4,4,RRNET,010,RRNET,K4,EA,,
PE,SEEVR4,4,RRNET,020,PLEZE,K4,PC,,
PE,SEEVR4,4,RRNET,030,CHMLI,K4,PC,,
PE,SEEVR4,4,RRNET,040,JUSST,K4,PC,,
PE,SEEVR4,4,RRNET,050,SWTCH,K4,PC,FL300,FL240
PE,SEEVR4,4,RRNET,060,THEMM,K4,PC,FL210,
PE,SEEVR4,4,RRNET,070,SEEVR,K4,EA,16000,13000
PE,SEEVR4,4,RRONY,010,RRONY,K4,EA,,
PE,SEEVR4,4,RRONY,020,ROWZE,K4,PC,FL230,FL210
PE,SEEVR4,4,RRONY,030,SEEVR,K4,EA,16000,13000
PE,SEEVR4,5,ALL,010,SEEVR,K4,EA,16000,13000
PE,SEEVR4,5,ALL,020,BRDJE,K4,EA,12000,11000
PE,SEEVR4,5,ALL,030,NUSSS,K4,PC,10000,08000
PE,SEEVR4,5,ALL,040,YAHBT,K4,PC,06000,
PE,SEEVR4,5,ALL,050,YAHBT,K4,PC,,
PE,SHAAM2,4,GZNTA,010,GZNTA,K4,PC,FL240,
PE,SHAAM2,4,GZNTA,020,JTROE,K4,EA,FL230,
PE,SHAAM2,4,GZNTA,030,GHAUT,K4,PC,FL200,
PE,SHAAM2,4,GZNTA,040,MASTY,K4,EA,,
PE,SHAAM2,4,GZNTA,050,BDEEN,K4,PC,16000,
PE,SHAAM2,4,GZNTA,060,GREGS,K4,EA,09000,
PE,SHAAM2,4,HYDES,010,HYDES,K4,EA,,
PE,SHAAM2,4,HYDES,020,GZNTA,K4,PC,FL240,
PE,SHAAM2,4,HYDES,030,JTROE,K4,EA,FL230,
PE,SHAAM2,4,HYDES,040,GHAUT,K4,PC,FL200,
PE,SHAAM2,4,HYDES,050,MASTY,K4,EA,,
PE,SHAAM2,4,HYDES,060,BDEEN,K4,PC,16000,
PE,SHAAM2,4,HYDES,070,GREGS,K4,EA,09000,
PE,SHAAM2,5,ALL,010,GREGS,K4,EA,09000,
PE,SHAAM2,5,ALL,020,ROWDI,K4,PC,,
PE,SHAAM2,5,ALL,030,SHAAM,K4,PC,,
PE,SHAAM2,5,ALL,040,SHAAM,K4,PC,,
PE,SHMPP3,4,GEEKY,010,GEEKY,K4,EA,,
PE,SHMPP3,4,GEEKY,020,SNGGL,K4,PC,,
PE,SHMPP3,4,GEEKY,030,NNJUH,K4,PC,,
PE,SHMPP3,4,GEEKY,040,GIBLT,K4,PC,,
PE,SHMPP3,4,GEEKY,050,DARRB,K4,PC,,
PE,SHMPP3,4,GEEKY,060,BOOVE,K4,PC,,
PE,SHMPP3,4,GUTZZ,010,GUTZZ,K4,PC,,
PE,SHMPP3,4,GUTZZ,020,EGADS,K4,PC,,
PE,SHMPP3,4,GUTZZ,030,FDUBB,K4,PC,,
PE,SHMPP3,4,GUTZZ,040,KIILO,K4,PC,,
PE,SHMPP3,4,GUTZZ,050,KYSSS,K4,PC,,
PE,SHMPP3,4,GUTZZ,060,BOOVE,K4,PC,,
PE,SHMPP3,4,KIILO,010,KIILO,K4,PC,,
PE,SHMPP3,4,KIILO,020,KYSSS,K4,PC,,
PE,SHMPP3,4,KIILO,030,BOOVE,K4,PC,,
PE,SHMPP3,4,SNGGL,010,SNGGL,K4,PC,,
PE,SHMPP3,4,SNGGL,020,NNJUH,K4,PC,,
PE,SHMPP3,4,SNGGL,030,GIBLT,K4,PC,,
PE,SHMPP3,4,SNGGL,040,DARRB,K4,PC,,
PE,SHMPP3,4,SNGGL,050,BOOVE,K4,PC,,
PE,SHMPP3,5,,010,BOOVE,K4,PC,,
PE,SHMPP3,5,,020,SHMPP,K4,PC,,
PE,SHMPP3,5,,030,ZROBA,K4,PC,,
PE,SHMPP3,6,RW13B,010,ZROBA,K4,PC,,
PE,SHMPP3,6,RW13B,020,CURLE,K4,EA,13000,
PE,SHMPP3,6,RW13B,030,MOWWW,K4,PC,13000,12000
PE,SHMPP3,6,RW13B,040,DELMO,K4,PC,12000,
PE,SHMPP3,6,RW13B,050,DELMO,K4,PC,,
PE,SHMPP3,6,RW17B,010,ZROBA,K4,PC,,
PE,SHMPP3,6,RW17B,020,CURLE,K4,EA,13000,
PE,SHMPP3,6,RW17B,030,MOWWW,K4,PC,13000,12000
PE,SHMPP3,6,RW17B,040,DELMO,K4,PC,12000,
PE,SHMPP3,6,RW17B,050,DELMO,K4,PC,,
PE,SHMPP3,6,RW18B,010,ZROBA,K4,PC,,
PE,SHMPP3,6,RW18B,020,CURLE,K4,EA,13000,
PE,SHMPP3,6,RW18B,030,MOWWW,K4,PC,13000,12000
PE,SHMPP3,6,RW18B,040,DELMO,K4,PC,12000,
PE,SHMPP3,6,RW18B,050,DELMO,K4,PC,,
PE,SHMPP3,6,RW31B,010,ZROBA,K4,PC,,
PE,SHMPP3,6,RW31B,020,RJAYY,K4,PC,11000,
PE,SHMPP3,6,RW31B,030,RJAYY,K4,PC,,
PE,SHMPP3,6,RW35B,010,ZROBA,K4,PC,,
PE,SHMPP3,6,RW35B,020,RJAYY,K4,PC,11000,
PE,SHMPP3,6,RW35B,030,RJAYY,K4,PC,,
PE,SHMPP3,6,RW36B,010,ZROBA,K4,PC,,
PE,SHMPP3,6,RW36B,020,RJAYY,K4,PC,11000,
PE,SHMPP3,6,RW36B,030,RJAYY,K4,PC,,
PE,SOCKK4,4,GEEKY,010,GEEKY,K4,EA,,
PE,SOCKK4,4,GEEKY,020,SNGGL,K4,PC,FL300,FL240
PE,SOCKK4,4,GEEKY,030,NNJUH,K4,PC,FL230,FL200
PE,SOCKK4,4,GEEKY,040,DARRB,K4,PC,14000,12000
PE,SOCKK4,4,GEEKY,050,GRCIA,K4,PC,11000,
PE,SOCKK4,4,GEEKY,060,BOOVE,K4,PC,11000,09000
PE,SOCKK4,4,GUTZZ,010,GUTZZ,K4,PC,,
PE,SOCKK4,4,GUTZZ,020,WERMO,K4,PC,FL300,FL240
PE,SOCKK4,4,GUTZZ,030,EGADS,K4,PC,FL230,FL200
PE,SOCKK4,4,GUTZZ,040,KIILO,K4,PC,14000,12000
PE,SOCKK4,4,GUTZZ,050,KYSSS,K4,PC,11000,
PE,SOCKK4,4,GUTZZ,060,BOOVE,K4,PC,11000,09000
PE,SOCKK4,4,KIILO,010,KIILO,K4,PC,14000,12000
PE,SOCKK4,4,KIILO,020,KYSSS,K4,PC,11000,
PE,SOCKK4,4,KIILO,030,BOOVE,K4,PC,11000,09000
PE,SOCKK4,4,SNGGL,010,SNGGL,K4,PC,FL300,FL240
PE,SOCKK4,4,SNGGL,020,NNJUH,K4,PC,FL230,FL200
PE,SOCKK4,4,SNGGL,030,DARRB,K4,PC,14000,12000
PE,SOCKK4,4,SNGGL,040,GRCIA,K4,PC,11000,
PE,SOCKK4,4,SNGGL,050,BOOVE,K4,PC,11000,09000
PE,SOCKK4,5,ALL,010,BOOVE,K4,PC,11000,09000
PE,SOCKK4,5,ALL,020,ISABL,K4,PC,09000,07000
PE,SOCKK4,5,ALL,030,SOCKK,K4,PC,05000,
PE,SOCKK4,5,ALL,040,SOCKK,K4,PC,,
PE,TILLA3,4,BGTOE,010,BGTOE,K4,EA,,
PE,TILLA3,4,BGTOE,020,SHLLY,K4,EA,,
PE,TILLA3,4,BGTOE,030,PUNKY,K4,EA,,
PE,TILLA3,4,BGTOE,040,KNEAD,K4,EA,12000,
PE,TILLA3,4,DITSY,010,DITSY,K4,EA,,
PE,TILLA3,4,DITSY,020,CHRLY,K4,EA,,
PE,TILLA3,4,DITSY,030,FRSTI,K4,EA,,
PE,TILLA3,4,DITSY,040,KNEAD,K4,EA,12000,
PE,TILLA3,5,ALL,010,KNEAD,K4,EA,12000,
PE,TILLA3,5,ALL,020,TILLA,K4,EA,,
PE,TILLA3,5,ALL,030,BARGO,K4,EA,12000,
PE,TILLA3,5,ALL,040,STURN,K4,PC,12000,
PE,TILLA3,5,ALL,050,STURN,K4,PC,,
PE,VKTRY2,4,BELFR,010,BELFR,K4,PC,FL300,FL240
PE,VKTRY2,4,BELFR,020,HHULL,K4,PC,FL230,
PE,VKTRY2,4,BELFR,030,LETNN,K4,PC,FL190,17000
PE,VKTRY2,4,BELFR,040,ZUBOV,K4,PC,16000,13000
PE,VKTRY2,4,BELFR,050,VKTRY,K4,PC,11000,10000
PE,VKTRY2,4,FAWNT,010,FAWNT,K4,EA,FL260,FL240
PE,VKTRY2,4,FAWNT,020,WNSTR,K4,PC,FL220,FL200
PE,VKTRY2,4,FAWNT,030,RBUKL,K4,PC,,
PE,VKTRY2,4,FAWNT,040,CRUTH,K4,PC,16000,13000
PE,VKTRY2,4,FAWNT,050,VKTRY,K4,PC,11000,10000
PE,VKTRY2,4,HNKER,010,HNKER,K4,EA,,
PE,VKTRY2,4,HNKER,020,KWANA,K4,PC,,
PE,VKTRY2,4,HNKER,030,WLLTR,K4,PC,FL300,FL240
PE,VKTRY2,4,HNKER,040,RUGGR,K4,PC,FL230,
PE,VKTRY2,4,HNKER,050,GLOKK,K4,PC,FL190,17000
PE,VKTRY2,4,HNKER,060,LAYMN,K4,PC,16000,13000
PE,VKTRY2,4,HNKER,070,VKTRY,K4,PC,11000,10000
PE,VKTRY2,4,HOFFF,010,HOFFF,K4,PC,,
PE,VKTRY2,4,HOFFF,020,BBENN,K4,PC,,
PE,VKTRY2,4,HOFFF,030,TYPTN,K4,PC,FL300,FL240
PE,VKTRY2,4,HOFFF,040,TWETE,K4,PC,FL230,
PE,VKTRY2,4,HOFFF,050,COWNE,K4,PC,FL190,17000
PE,VKTRY2,4,HOFFF,060,JEYAR,K4,PC,16000,13000
PE,VKTRY2,4,HOFFF,070,VKTRY,K4,PC,11000,10000
PE,VKTRY2,4,IBAKE,010,IBAKE,K4,PC,,
PE,VKTRY2,4,IBAKE,020,FAWNT,K4,EA,FL260,FL240
PE,VKTRY2,4,IBAKE,030,WNSTR,K4,PC,FL220,FL200
PE,VKTRY2,4,IBAKE,040,RBUKL,K4,PC,,
PE,VKTRY2,4,IBAKE,050,CRUTH,K4,PC,16000,13000
PE,VKTRY2,4,IBAKE,060,VKTRY,K4,PC,11000,10000
PE,VKTRY2,4,KLAWW,010,KLAWW,K4,EA,,
PE,VKTRY2,4,KLAWW,020,JERBL,K4,PC,,
PE,VKTRY2,4,KLAWW,030,BUDDD,K4,PC,,
PE,VKTRY2,4,KLAWW,040,FAWNT,K4,EA,FL260,FL240
PE,VKTRY2,4,KLAWW,050,WNSTR,K4,PC,FL220,FL200
PE,VKTRY2,4,KLAWW,060,RBUKL,K4,PC,,
PE,VKTRY2,4,KLAWW,070,CRUTH,K4,PC,16000,13000
PE,VKTRY2,4,KLAWW,080,VKTRY,K4,PC,11000,10000
PE,VKTRY2,4,MDANO,010,MDANO,K4,EA,,
PE,VKTRY2,4,MDANO,020,BELFR,K4,PC,FL300,FL240
PE,VKTRY2,4,MDANO,030,HHULL,K4,PC,FL230,
PE,VKTRY2,4,MDANO,040,LETNN,K4,PC,FL190,17000
PE,VKTRY2,4,MDANO,050,ZUBOV,K4,PC,16000,13000
PE,VKTRY2,4,MDANO,060,VKTRY,K4,PC,11000,10000
PE,VKTRY2,4,RBUKL,010,RBUKL,K4,PC,,
PE,VKTRY2,4,RBUKL,020,CRUTH,K4,PC,16000,13000
PE,VKTRY2,4,RBUKL,030,VKTRY,K4,PC,11000,10000
PE,VKTRY2,4,TURKI,010,TURKI,K4,EA,,
PE,VKTRY2,4,TURKI,020,GANJA,K4,EA,,
PE,VKTRY2,4,TURKI,030,KWANA,K4,PC,,
PE,VKTRY2,4,TURKI,040,WLLTR,K4,PC,FL300,FL240
PE,VKTRY2,4,TURKI,050,RUGGR,K4,PC,FL230,
PE,VKTRY2,4,TURKI,060,GLOKK,K4,PC,FL190,17000
PE,VKTRY2,4,TURKI,070,LAYMN,K4,PC,16000,13000
PE,VKTRY2,4,TURKI,080,VKTRY,K4,PC,11000,10000
PE,VKTRY2,4,TYPTN,010,TYPTN,K4,PC,FL300,FL240
PE,VKTRY2,4,TYPTN,020,TWETE,K4,PC,FL230,
PE,VKTRY2,4,TYPTN,030,COWNE,K4,PC,FL190,17000
PE,VKTRY2,4,TYPTN,040,JEYAR,K4,PC,16000,13000
PE,VKTRY2,4,TYPTN,050,VKTRY,K4,PC,11000,10000
PE,VKTRY2,4,WLLTR,010,WLLTR,K4,PC,FL300,FL240
PE,VKTRY2,4,WLLTR,020,RUGGR,K4,PC,FL230,
PE,VKTRY2,4,WLLTR,030,GLOKK,K4,PC,FL190,17000
PE,VKTRY2,4,WLLTR,040,LAYMN,K4,PC,16000,13000
PE,VKTRY2,4,WLLTR,050,VKTRY,K4,PC,11000,10000
PE,VKTRY2,5,,010,VKTRY,K4,PC,11000,10000
PE,VKTRY2,5,,020,ZMMAN,K4,PC,09000,07000
PE,VKTRY2,6,RW13R,010,ZMMAN,K4,PC,09000,07000
PE,VKTRY2,6,RW13R,020,THASA,K4,PC,05000,
PE,VKTRY2,6,RW13R,030,MORRY,K4,PC,,
PE,VKTRY2,6,RW13R,040,POPPA,K4,PC,,
PE,VKTRY2,6,RW13R,050,POPPA,K4,PC,,
PE,VKTRY2,6,RW17B,010,ZMMAN,K4,PC,09000,07000
PE,VKTRY2,6,RW17B,020,PHAUP,K4,PC,05000,
PE,VKTRY2,6,RW17B,030,PHAUP,K4,PC,,
PE,VKTRY2,6,RW18B,010,ZMMAN,K4,PC,09000,07000
PE,VKTRY2,6,RW18B,020,PHAUP,K4,PC,05000,
PE,VKTRY2,6,RW18B,030,PHAUP,K4,PC,,
PE,WHINY4,4,CRIED,010,CRIED,K4,EA,,
PE,WHINY4,4,CRIED,020,BRAZZ,K4,PC,FL300,FL240
PE,WHINY4,4,CRIED,030,POWND,K4,PC,FL230,FL200
PE,WHINY4,4,CRIED,040,BEREE,K4,PC,16000,13000
PE,WHINY4,4,OUTLN,010,OUTLN,K4,PC,FL230,FL200
PE,WHINY4,4,OUTLN,020,BEREE,K4,PC,16000,13000
PE,WHINY4,4,PNUTS,010,PNUTS,K4,EA,,
PE,WHINY4,4,PNUTS,020,CLEWS,K4,PC,,
PE,WHINY4,4,PNUTS,030,HORKO,K4,PC,FL300,FL240
PE,WHINY4,4,PNUTS,040,POPSY,K4,PC,FL230,FL200
PE,WHINY4,4,PNUTS,050,BEREE,K4,PC,16000,13000
PE,WHINY4,4,POPSY,010,POPSY,K4,PC,FL230,FL200
PE,WHINY4,4,POPSY,020,BEREE,K4,PC,16000,13000
PE,WHINY4,4,POWND,010,POWND,K4,PC,FL230,FL200
PE,WHINY4,4,POWND,020,BEREE,K4,PC,16000,13000
PE,WHINY4,4,STUFT,010,STUFT,K4,PC,,
PE,WHINY4,4,STUFT,020,LAMBY,K4,PC,FL300,FL240
PE,WHINY4,4,STUFT,030,POWND,K4,PC,FL230,FL200
PE,WHINY4,4,STUFT,040,BEREE,K4,PC,16000,13000
PE,WHINY4,4,YUYUN,010,YUYUN,K4,PC,,
PE,WHINY4,4,YUYUN,020,WAITT,K4,PC,,
PE,WHINY4,4,YUYUN,030,PLMER,K4,PC,,
PE,WHINY4,4,YUYUN,040,CHAWK,K4,PC,FL300,FL240
PE,WHINY4,4,YUYUN,050,OUTLN,K4,PC,FL230,FL200
PE,WHINY4,4,YUYUN,060,BEREE,K4,PC,16000,13000
PE,WHINY4,5,ALL,010,BEREE,K4,PC,16000,13000
PE,WHINY4,5,ALL,020,WHINY,K4,PC,12000,
PE,WHINY4,5,ALL,030,HOWDY,K4,PC,12000,11000
PE,WHINY4,5,ALL,040,BERMS,K4,PC,08000,
PE,WHINY4,5,ALL,050,HLLZZ,K4,PC,06000,
PE,WHINY4,5,ALL,060,HLLZZ,K4,PC,,
PE,YEAGR4,1,ACT,010,ACT,K4,D,,
PE,YEAGR4,1,ACT,020,CQY,K4,D,,
PE,YEAGR4,1,ACT,030,YEAGR,K4,EA,,
PE,YEAGR4,1,AEX,010,AEX,K4,D,,
PE,YEAGR4,1,AEX,020,TURNN,K4,EA,,
PE,YEAGR4,1,AEX,030,NOBBL,K4,EA,,
PE,YEAGR4,1,AEX,040,FZT,K4,D,,
PE,YEAGR4,1,AEX,050,SNOWE,K4,EA,,
PE,YEAGR4,1,AEX,060,AWOLF,K4,EA,,
PE,YEAGR4,1,AEX,070,YEAGR,K4,EA,,
PE,YEAGR4,1,CWK,010,CWK,K4,D,,
PE,YEAGR4,1,CWK,020,NAVYS,K4,EA,,
PE,YEAGR4,1,CWK,030,CQY,K4,D,,
PE,YEAGR4,1,CWK,040,YEAGR,K4,EA,,
PE,YEAGR4,1,EMG,010,EMG,K4,D,,
PE,YEAGR4,1,EMG,020,GGG,K4,D,,
PE,YEAGR4,1,EMG,030,CAPTI,K4,EA,,
PE,YEAGR4,1,EMG,040,SNOWE,K4,EA,,
PE,YEAGR4,1,EMG,050,AWOLF,K4,EA,,
PE,YEAGR4,1,EMG,060,YEAGR,K4,EA,,
PE,YEAGR4,1,GGG,010,GGG,K4,D,,
PE,YEAGR4,1,GGG,020,CAPTI,K4,EA,,
PE,YEAGR4,1,GGG,030,SNOWE,K4,EA,,
PE,YEAGR4,1,GGG,040,AWOLF,K4,EA,,
PE,YEAGR4,1,GGG,050,YEAGR,K4,EA,,
PE,YEAGR4,1,GIFFA,010,GIFFA,K4,EA,,
PE,YEAGR4,1,GIFFA,020,WEIRS,K4,EA,,
PE,YEAGR4,1,GIFFA,030,CQY,K4,D,,
PE,YEAGR4,1,GIFFA,040,YEAGR,K4,EA,,
PE,YEAGR4,1,HERRI,010,HERRI,K4,EA,,
PE,YEAGR4,1,HERRI,020,FZT,K4,D,,
PE,YEAGR4,1,HERRI,030,SNOWE,K4,EA,,
PE,YEAGR4,1,HERRI,040,AWOLF,K4,EA,,
PE,YEAGR4,1,HERRI,050,YEAGR,K4,EA,,
PE,YEAGR4,1,IAH,010,IAH,K4,D,,
PE,YEAGR4,1,IAH,020,GIFFA,K4,EA,,
PE,YEAGR4,1,IAH,030,WEIRS,K4,EA,,
PE,YEAGR4,1,IAH,040,CQY,K4,D,,
PE,YEAGR4,1,IAH,050,YEAGR,K4,EA,,
PE,YEAGR4,1,LOA,010,LOA,K4,D,,
PE,YEAGR4,1,LOA,020,CQY,K4,D,,
PE,YEAGR4,1,LOA,030,YEAGR,K4,EA,,
PE,YEAGR4,1,MHZ,010,MHZ,K7,D,,
PE,YEAGR4,1,MHZ,020,MLU,K4,D,,
PE,YEAGR4,1,MHZ,030,EMG,K4,D,,
PE,YEAGR4,1,MHZ,040,GGG,K4,D,,
PE,YEAGR4,1,MHZ,050,CAPTI,K4,EA,,
PE,YEAGR4,1,MHZ,060,SNOWE,K4,EA,,
PE,YEAGR4,1,MHZ,070,AWOLF,K4,EA,,
PE,YEAGR4,1,MHZ,080,YEAGR,K4,EA,,
PE,YEAGR4,1,MLU,010,MLU,K4,D,,
PE,YEAGR4,1,MLU,020,EMG,K4,D,,
PE,YEAGR4,1,MLU,030,GGG,K4,D,,
PE,YEAGR4,1,MLU,040,CAPTI,K4,EA,,
PE,YEAGR4,1,MLU,050,SNOWE,K4,EA,,
PE,YEAGR4,1,MLU,060,AWOLF,K4,EA,,
PE,YEAGR4,1,MLU,070,YEAGR,K4,EA,,
PE,YEAGR4,1,NAVYS,010,NAVYS,K4,EA,,
PE,YEAGR4,1,NAVYS,020,CQY,K4,D,,
PE,YEAGR4,1,NAVYS,030,YEAGR,K4,EA,,
PE,YEAGR4,1,SQS,010,SQS,K7,D,,
PE,YEAGR4,1,SQS,020,MLU,K4,D,,
PE,YEAGR4,1,SQS,030,EMG,K4,D,,
PE,YEAGR4,1,SQS,040,GGG,K4,D,,
PE,YEAGR4,1,SQS,050,CAPTI,K4,EA,,
PE,YEAGR4,1,SQS,060,SNOWE,K4,EA,,
PE,YEAGR4,1,SQS,070,AWOLF,K4,EA,,
PE,YEAGR4,1,SQS,080,YEAGR,K4,EA,,
PE,YEAGR4,2,ALL,010,YEAGR,K4,EA,,
PE,YEAGR4,2,ALL,020,KDFW,K4,PA,,
PE,ZROBA1,4,GEEKY,010,GEEKY,K4,EA,,
PE,ZROBA1,4,GEEKY,020,SNGGL,K4,PC,,
PE,ZROBA1,4,GEEKY,030,NNJUH,K4,PC,,
PE,ZROBA1,4,GEEKY,040,GIBLT,K4,PC,,
PE,ZROBA1,4,GEEKY,050,DARRB,K4,PC,,
PE,ZROBA1,4,GEEKY,060,BOOVE,K4,PC,,
PE,ZROBA1,4,GUTZZ,010,GUTZZ,K4,PC,,
PE,ZROBA1,4,GUTZZ,020,EGADS,K4,PC,,
PE,ZROBA1,4,GUTZZ,030,FDUBB,K4,PC,,
PE,ZROBA1,4,GUTZZ,040,KIILO,K4,PC,,
PE,ZROBA1,4,GUTZZ,050,KYSSS,K4,PC,,
PE,ZROBA1,4,GUTZZ,060,BOOVE,K4,PC,,
PE,ZROBA1,4,KIILO,010,KIILO,K4,PC,,
PE,ZROBA1,4,KIILO,020,KYSSS,K4,PC,,
PE,ZROBA1,4,KIILO,030,BOOVE,K4,PC,,
PE,ZROBA1,4,SNGGL,010,SNGGL,K4,PC,,
PE,ZROBA1,4,SNGGL,020,NNJUH,K4,PC,,
PE,ZROBA1,4,SNGGL,030,GIBLT,K4,PC,,
PE,ZROBA1,4,SNGGL,040,DARRB,K4,PC,,
PE,ZROBA1,4,SNGGL,050,BOOVE,K4,PC,,
PE,ZROBA1,5,,010,BOOVE,K4,PC,,
PE,ZROBA1,5,,020,ZROBA,K4,PC,,
PE,ZROBA1,6,RW13B,010,ZROBA,K4,PC,,
PE,ZROBA1,6,RW13B,020,VIKRZ,K4,PC,,
PE,ZROBA1,6,RW13B,030,VIKRZ,K4,PC,,
PE,ZROBA1,6,RW17B,010,ZROBA,K4,PC,,
PE,ZROBA1,6,RW17B,020,VIKRZ,K4,PC,,
PE,ZROBA1,6,RW17B,030,VIKRZ,K4,PC,,
PE,ZROBA1,6,RW18B,010,ZROBA,K4,PC,,
PE,ZROBA1,6,RW18B,020,VIKRZ,K4,PC,,
PE,ZROBA1,6,RW18B,030,VIKRZ,K4,PC,,
PE,ZROBA1,6,RW31B,010,ZROBA,K4,PC,,
PE,ZROBA1,6,RW31B,020,RJAYY,K4,PC,,
PE,ZROBA1,6,RW31B,030,RJAYY,K4,PC,,
PE,ZROBA1,6,RW35B,010,ZROBA,K4,PC,,
PE,ZROBA1,6,RW35B,020,RJAYY,K4,PC,,
PE,ZROBA1,6,RW35B,030,RJAYY,K4,PC,,
PE,ZROBA1,6,RW36B,010,ZROBA,K4,PC,,
PE,ZROBA1,6,RW36B,020,RJAYY,K4,PC,,
PE,ZROBA1,6,RW36B,030,RJAYY,K4,PC,,
PF,H13RZ,H,,010,MORRY,K4,PC,03000,
PF,H13RZ,H,,011,POPPA,K4,PC,03000,
PF,H13RZ,H,,020,HODAX,K4,PC,02300,
PF,H13RZ,H,,020,HODAX,K4,PC,,
PF,H13RZ,H,,030,RW13R,K4,PG,00646,
PF,H13RZ,H,,040,HADZZ,K4,PC,,
PF,H13RZ,H,,050,GRTCH,K4,PC,,
PF,H13RZ,H,,060,KYMBR,K4,PC,,
PF,H13RZ,H,,070,HRNTT,K4,PC,,
PF,H13RZ,H,,080,VANJY,K4,PC,,
PF,H13RZ,H,,090,SLOTT,K4,PC,03000,
PF,H13RZ,H,,100,SLOTT,K4,PC,03000,
PF,H31LZ,A,ZUREK,010,ZUREK,K4,PC,05000,
PF,H31LZ,A,ZUREK,020,WOLKA,K4,PC,05000,
PF,H31LZ,A,ZUREK,030,NKORT,K4,PC,03000,
PF,H31LZ,H,,010,NKORT,K4,PC,03000,
PF,H31LZ,H,,020,TARRO,K4,PC,02400,
PF,H31LZ,H,,020,TARRO,K4,PC,,
PF,H31LZ,H,,030,RW31L,K4,PG,00631,
PF,H31LZ,H,,040,HODAX,K4,PC,,
PF,H31LZ,H,,050,KAGLE,K4,PC,03000,
PF,H31LZ,H,,060,KAGLE,K4,PC,03000,
PF,H31RZ,A,TULOY,010,TULOY,K4,PC,05000,
PF,H31RZ,A,TULOY,020,GACHO,K4,PC,05000,
PF,H31RZ,A,TULOY,030,VANDE,K4,PC,03000,
PF,H31RZ,H,,010,VANDE,K4,PC,03000,
PF,H31RZ,H,,020,FIVIS,K4,PC,02400,
PF,H31RZ,H,,020,FIVIS,K4,PC,,
PF,H31RZ,H,,030,RW31R,K4,PG,00561,
PF,H31RZ,H,,040,,,,01100,
PF,H31RZ,H,,050,SOLDO,K4,EA,03000,
PF,H31RZ,H,,060,SOLDO,K4,EA,03000,
PF,I13RV,I,,010,MORRY,K4,PC,03000,02300
PF,I13RV,I,,011,POPPA,K4,PC,03000,
PF,I13RV,I,,020,HODAX,K4,PC,02300,02300
PF,I13RV,I,,030,RW13R,K4,PG,00646,
PF,I13RV,I,,040,,,,01006,
PF,I13RV,I,,050,,,,,
PF,I13RV,I,,060,SLOTT,K4,PC,03000,
PF,I13RV,I,,070,SLOTT,K4,PC,03000,
PF,I13RZ,I,,010,MORRY,K4,PC,03000,02300
PF,I13RZ,I,,011,POPPA,K4,PC,03000,
PF,I13RZ,I,,020,HODAX,K4,PC,02300,02300
PF,I13RZ,I,,030,RW13R,K4,PG,00646,
PF,I13RZ,I,,040,,,,01560,
PF,I13RZ,I,,050,,,,,
PF,I13RZ,I,,060,SLOTT,K4,PC,03000,
PF,I13RZ,I,,070,SLOTT,K4,PC,03000,
PF,I17C,I,,010,BOSSI,K4,PC,06000,02300
PF,I17C,I,,011,PENNY,K4,PC,05000,
PF,I17C,I,,012,ZINGG,K4,PC,03000,
PF,I17C,I,,020,JIFFY,K4,PC,02300,02300
PF,I17C,I,,030,RW17C,K4,PG,00620,
PF,I17C,I,,040,YUPRU,K4,PC,03000,
PF,I17C,I,,050,JASPA,K4,EA,04000,
PF,I17C,I,,060,JASPA,K4,EA,04000,
PF,I17L,I,,010,RIVET,K4,PC,05000,02300
PF,I17L,I,,011,DRAAK,K4,PC,05000,
PF,I17L,I,,012,INWOD,K4,PC,03000,
PF,I17L,I,,020,GBUSH,K4,PC,02300,02300
PF,I17L,I,,030,RW17L,K4,PG,00580,
PF,I17L,I,,040,,,,01020,
PF,I17L,I,,050,,,,,
PF,I17L,I,,060,TACKE,K4,EA,03000,
PF,I17L,I,,070,TACKE,K4,EA,03000,
PF,I17R,I,,010,NETTS,K4,PC,06000,02200
PF,I17R,I,,011,GARZA,K4,PC,05000,
PF,I17R,I,,012,YALTA,K4,PC,03000,
PF,I17R,I,,020,BBAKR,K4,PC,02200,02200
PF,I17R,I,,030,RW17R,K4,PG,00620,
PF,I17R,I,,040,EYWEP,K4,PC,03000,
PF,I17R,I,,050,JASPA,K4,EA,04000,
PF,I17R,I,,060,JASPA,K4,EA,04000,
PF,I18L,I,,010,GRUCH,K4,PC,04000,02300
PF,I18L,I,,011,ALIGN,K4,PC,03000,
PF,I18L,I,,012,UDALL,K4,PC,03000,
PF,I18L,I,,020,JAYCI,K4,PC,02300,02300
PF,I18L,I,,030,RW18L,K4,PG,00656,
PF,I18L,I,,040,,,,01100,
PF,I18L,I,,050,,,,,
PF,I18L,I,,060,LIKES,K4,EA,03000,
PF,I18L,I,,070,LIKES,K4,EA,03000,
PF,I18R,I,,010,ICKEL,K4,PC,04000,02400
PF,I18R,I,,011,YOHAN,K4,PC,03000,
PF,I18R,I,,012,LEGRE,K4,PC,03000,
PF,I18R,I,,020,NETEE,K4,PC,02400,02400
PF,I18R,I,,030,RW18R,K4,PG,00665,
PF,I18R,I,,040,,,,01100,
PF,I18R,I,,050,,,,,
PF,I18R,I,,060,LIKES,K4,EA,03000,
PF,I18R,I,,070,LIKES,K4,EA,03000,
PF,I31R,A,TULOY,010,TULOY,K4,PC,05000,
PF,I31R,A,TULOY,020,GACHO,K4,PC,05000,
PF,I31R,I,,010,GACHO,K4,PC,03000,02400
PF,I31R,I,,011,VANDE,K4,PC,03000,
PF,I31R,I,,020,FIVIS,K4,PC,02400,02400
PF,I31R,I,,030,RW31R,K4,PG,00561,
PF,I31R,I,,040,,,,01100,
PF,I31R,I,,050,,,,,
PF,I31R,I,,060,SOLDO,K4,EA,03000,
PF,I31R,I,,070,SOLDO,K4,EA,03000,
PF,I35C,I,,010,RAYMA,K4,PC,06000,02100
PF,I35C,I,,011,TUFFO,K4,PC,05000,
PF,I35C,I,,012,DAYZZ,K4,PC,03000,
PF,I35C,I,,020,JOBBS,K4,PC,02100,02100
PF,I35C,I,,030,RW35C,K4,PG,00622,
PF,I35C,I,,040,BOSSI,K4,PC,03000,
PF,I35C,I,,050,BOSSI,K4,PC,03000,
PF,I35L,I,,010,TANDE,K4,PC,06000,02300
PF,I35L,I,,011,CORMN,K4,PC,05000,
PF,I35L,I,,012,DALLN,K4,PC,03000,
PF,I35L,I,,020,BEGGO,K4,PC,02300,02300
PF,I35L,I,,030,RW35L,K4,PG,00610,
PF,I35L,I,,040,,,,02000,
PF,I35L,I,,050,BOSSI,K4,PC,03000,
PF,I35L,I,,060,BOSSI,K4,PC,03000,
PF,I35R,I,,010,GALOP,K4,PC,05000,02200
PF,I35R,I,,011,FRIZZ,K4,PC,05000,
PF,I35R,I,,012,COROL,K4,PC,03000,
PF,I35R,I,,020,POLKE,K4,PC,02200,02200
PF,I35R,I,,030,RW35R,K4,PG,00633,
PF,I35R,I,,040,,,,01040,
PF,I35R,I,,050,,,,,
PF,I35R,I,,060,PERSN,K4,PC,03000,
PF,I35R,I,,070,PERSN,K4,PC,03000,
PF,I36L,I,,010,ALLIN,K4,PC,04000,02300
PF,I36L,I,,011,HUTEN,K4,PC,03000,
PF,I36L,I,,012,CHAAR,K4,PC,03000,
PF,I36L,I,,020,BOBIN,K4,PC,02300,02300
PF,I36L,I,,030,RW36L,K4,PG,00637,
PF,I36L,I,,040,,,,01100,
PF,I36L,I,,050,,,,,
PF,I36L,I,,060,KAGLE,K4,PC,03000,
PF,I36L,I,,070,KAGLE,K4,PC,03000,
PF,I36R,I,,010,SLOCO,K4,PC,04000,02300
PF,I36R,I,,011,KICKA,K4,PC,03000,
PF,I36R,I,,012,TUTOO,K4,PC,03000,
PF,I36R,I,,020,BASIN,K4,PC,02300,02300
PF,I36R,I,,030,RW36R,K4,PG,00626,
PF,I36R,I,,040,,,,01100,
PF,I36R,I,,050,,,,,
PF,I36R,I,,060,KAGLE,K4,PC,03000,
PF,I36R,I,,070,KAGLE,K4,PC,03000,
PF,L13RZ,L,,010,MORRY,K4,PC,03000,
PF,L13RZ,L,,011,POPPA,K4,PC,03000,
PF,L13RZ,L,,020,HODAX,K4,PC,02300,
PF,L13RZ,L,,030,RW13R,K4,PG,00646,
PF,L13RZ,L,,040,,,,01560,
PF,L13RZ,L,,050,,,,,
PF,L13RZ,L,,060,SLOTT,K4,PC,03000,
PF,L13RZ,L,,070,SLOTT,K4,PC,03000,
PF,L17C,L,,010,BOSSI,K4,PC,06000,
PF,L17C,L,,011,PENNY,K4,PC,05000,
PF,L17C,L,,012,ZINGG,K4,PC,03000,
PF,L17C,L,,020,JIFFY,K4,PC,02300,
PF,L17C,L,,030,RW17C,K4,PG,00620,
PF,L17C,L,,040,YUPRU,K4,PC,03000,
PF,L17C,L,,050,JASPA,K4,EA,04000,
PF,L17C,L,,060,JASPA,K4,EA,04000,
PF,L17L,L,,010,RIVET,K4,PC,05000,
PF,L17L,L,,011,DRAAK,K4,PC,05000,
PF,L17L,L,,012,INWOD,K4,PC,03000,
PF,L17L,L,,020,GBUSH,K4,PC,02300,
PF,L17L,L,,030,RW17L,K4,PG,00580,
PF,L17L,L,,040,,,,01020,
PF,L17L,L,,050,,,,,
PF,L17L,L,,060,TACKE,K4,EA,03000,
PF,L17L,L,,070,TACKE,K4,EA,03000,
PF,L17R,L,,010,NETTS,K4,PC,06000,
PF,L17R,L,,011,GARZA,K4,PC,05000,
PF,L17R,L,,012,YALTA,K4,PC,03000,
PF,L17R,L,,020,BBAKR,K4,PC,02200,
PF,L17R,L,,030,RW17R,K4,PG,00620,
PF,L17R,L,,040,EYWEP,K4,PC,03000,
PF,L17R,L,,050,JASPA,K4,EA,04000,
PF,L17R,L,,060,JASPA,K4,EA,04000,
PF,L18L,L,,010,GRUCH,K4,PC,04000,
PF,L18L,L,,011,ALIGN,K4,PC,03000,
PF,L18L,L,,012,UDALL,K4,PC,03000,
PF,L18L,L,,020,JAYCI,K4,PC,02300,
PF,L18L,L,,030,RW18L,K4,PG,00656,
PF,L18L,L,,040,,,,01100,
PF,L18L,L,,050,,,,,
PF,L18L,L,,060,LIKES,K4,EA,03000,
PF,L18L,L,,070,LIKES,K4,EA,03000,
PF,L18R,L,,010,ICKEL,K4,PC,04000,
PF,L18R,L,,011,YOHAN,K4,PC,03000,
PF,L18R,L,,012,LEGRE,K4,PC,03000,
PF,L18R,L,,020,NETEE,K4,PC,02400,
PF,L18R,L,,030,RW18R,K4,PG,00665,
PF,L18R,L,,040,,,,01100,
PF,L18R,L,,050,,,,,
PF,L18R,L,,060,LIKES,K4,EA,03000,
PF,L18R,L,,070,LIKES,K4,EA,03000,
PF,L31R,A,TULOY,010,TULOY,K4,PC,05000,
PF,L31R,A,TULOY,020,GACHO,K4,PC,05000,
PF,L31R,L,,010,GACHO,K4,PC,03000,
PF,L31R,L,,011,VANDE,K4,PC,03000,
PF,L31R,L,,020,FIVIS,K4,PC,02400,
PF,L31R,L,,021,GUKSE,K4,PC,01060,
PF,L31R,L,,030,RW31R,K4,PG,00561,
PF,L31R,L,,040,,,,01100,
PF,L31R,L,,050,,,,,
PF,L31R,L,,060,SOLDO,K4,EA,03000,
PF,L31R,L,,070,SOLDO,K4,EA,03000,
PF,L35C,L,,010,RAYMA,K4,PC,06000,
PF,L35C,L,,011,TUFFO,K4,PC,05000,
PF,L35C,L,,012,DAYZZ,K4,PC,03000,
PF,L35C,L,,020,JOBBS,K4,PC,02100,
PF,L35C,L,,030,RW35C,K4,PG,00622,
PF,L35C,L,,040,BOSSI,K4,PC,03000,
PF,L35C,L,,050,BOSSI,K4,PC,03000,
PF,L35L,L,,010,TANDE,K4,PC,06000,
PF,L35L,L,,011,CORMN,K4,PC,05000,
PF,L35L,L,,012,DALLN,K4,PC,03000,
PF,L35L,L,,020,BEGGO,K4,PC,02300,
PF,L35L,L,,030,RW35L,K4,PG,00610,
PF,L35L,L,,040,,,,02000,
PF,L35L,L,,050,BOSSI,K4,PC,03000,
PF,L35L,L,,060,BOSSI,K4,PC,03000,
PF,L35R,L,,010,GALOP,K4,PC,05000,
PF,L35R,L,,011,FRIZZ,K4,PC,05000,
PF,L35R,L,,012,COROL,K4,PC,03000,
PF,L35R,L,,020,POLKE,K4,PC,02200,
PF,L35R,L,,030,RW35R,K4,PG,00633,
PF,L35R,L,,040,,,,01040,
PF,L35R,L,,050,,,,,
PF,L35R,L,,060,PERSN,K4,PC,03000,
PF,L35R,L,,070,PERSN,K4,PC,03000,
PF,L36L,L,,010,ALLIN,K4,PC,04000,
PF,L36L,L,,011,HUTEN,K4,PC,03000,
PF,L36L,L,,012,CHAAR,K4,PC,03000,
PF,L36L,L,,020,BOBIN,K4,PC,02300,
PF,L36L,L,,021,CIRIS,K4,PC,01080,
PF,L36L,L,,030,RW36L,K4,PG,00637,
PF,L36L,L,,040,,,,01100,
PF,L36L,L,,050,,,,,
PF,L36L,L,,060,KAGLE,K4,PC,03000,
PF,L36L,L,,070,KAGLE,K4,PC,03000,
PF,L36R,L,,010,SLOCO,K4,PC,04000,
PF,L36R,L,,011,KICKA,K4,PC,03000,
PF,L36R,L,,012,TUTOO,K4,PC,03000,
PF,L36R,L,,020,BASIN,K4,PC,02300,
PF,L36R,L,,030,RW36R,K4,PG,00626,
PF,L36R,L,,040,,,,01100,
PF,L36R,L,,050,,,,,
PF,L36R,L,,060,KAGLE,K4,PC,03000,
PF,L36R,L,,070,KAGLE,K4,PC,03000,
PF,R13RY,R,,010,MORRY,K4,PC,03000,
PF,R13RY,R,,011,POPPA,K4,PC,03000,
PF,R13RY,R,,020,HODAX,K4,PC,02300,
PF,R13RY,R,,020,HODAX,K4,PC,,
PF,R13RY,R,,021,ANIME,K4,PC,01200,01203
PF,R13RY,R,,030,RW13R,K4,PG,00646,
PF,R13RY,R,,040,,,,01100,
PF,R13RY,R,,050,SLOTT,K4,PC,03000,
PF,R13RY,R,,060,SLOTT,K4,PC,03000,
PF,R17C,R,,010,BOSSI,K4,PC,06000,
PF,R17C,R,,011,PENNY,K4,PC,05000,
PF,R17C,R,,012,ZINGG,K4,PC,03000,
PF,R17C,R,,020,JIFFY,K4,PC,02300,
PF,R17C,R,,020,JIFFY,K4,PC,,
PF,R17C,R,,030,RW17C,K4,PG,00620,
PF,R17C,R,,040,,,,00762,
PF,R17C,R,,050,YUPRU,K4,PC,03000,
PF,R17C,R,,060,RAYMA,K4,PC,04000,
PF,R17C,R,,070,RAYMA,K4,PC,04000,
PF,R17L,R,,010,RIVET,K4,PC,05000,
PF,R17L,R,,011,DRAAK,K4,PC,05000,
PF,R17L,R,,012,INWOD,K4,PC,03000,
PF,R17L,R,,020,GBUSH,K4,PC,02300,
PF,R17L,R,,020,GBUSH,K4,PC,,
PF,R17L,R,,030,RW17L,K4,PG,00580,
PF,R17L,R,,040,,,,01020,
PF,R17L,R,,050,TACKE,K4,EA,03000,
PF,R17L,R,,060,TACKE,K4,EA,03000,
PF,R17R,R,,010,NETTS,K4,PC,06000,
PF,R17R,R,,011,GARZA,K4,PC,05000,
PF,R17R,R,,012,YALTA,K4,PC,03000,
PF,R17R,R,,020,BBAKR,K4,PC,02200,
PF,R17R,R,,020,BBAKR,K4,PC,,
PF,R17R,R,,030,RW17R,K4,PG,00620,
PF,R17R,R,,040,,,,00767,
PF,R17R,R,,050,EYWEP,K4,PC,03000,
PF,R17R,R,,060,JASPA,K4,EA,04000,
PF,R17R,R,,070,JASPA,K4,EA,04000,
PF,R18L,R,,010,GRUCH,K4,PC,04000,
PF,R18L,R,,011,ALIGN,K4,PC,03000,
PF,R18L,R,,012,UDALL,K4,PC,03000,
PF,R18L,R,,020,JAYCI,K4,PC,02300,
PF,R18L,R,,020,JAYCI,K4,PC,,
PF,R18L,R,,030,RW18L,K4,PG,00656,
PF,R18L,R,,040,,,,01100,
PF,R18L,R,,050,LIKES,K4,EA,03000,
PF,R18L,R,,060,LIKES,K4,EA,03000,
PF,R18R,R,,010,ICKEL,K4,PC,04000,
PF,R18R,R,,011,YOHAN,K4,PC,03000,
PF,R18R,R,,012,LEGRE,K4,PC,03000,
PF,R18R,R,,020,NETEE,K4,PC,02400,
PF,R18R,R,,020,NETEE,K4,PC,,
PF,R18R,R,,030,RW18R,K4,PG,00665,
PF,R18R,R,,040,,,,01100,
PF,R18R,R,,050,LIKES,K4,EA,03000,
PF,R18R,R,,060,LIKES,K4,EA,03000,
PF,R31LY,A,ZUREK,010,ZUREK,K4,PC,05000,
PF,R31LY,A,ZUREK,020,WOLKA,K4,PC,05000,
PF,R31LY,R,,010,WOLKA,K4,PC,05000,
PF,R31LY,R,,011,NKORT,K4,PC,03000,
PF,R31LY,R,,020,TARRO,K4,PC,02400,
PF,R31LY,R,,020,TARRO,K4,PC,,
PF,R31LY,R,,030,RW31L,K4,PG,00631,
PF,R31LY,R,,040,,,,00831,
PF,R31LY,R,,050,HODAX,K4,PC,,
PF,R31LY,R,,060,KAGLE,K4,PC,03000,
PF,R31LY,R,,070,KAGLE,K4,PC,03000,
PF,R31RY,A,TULOY,010,TULOY,K4,PC,05000,
PF,R31RY,A,TULOY,020,GACHO,K4,PC,05000,
PF,R31RY,R,,010,GACHO,K4,PC,05000,
PF,R31RY,R,,011,VANDE,K4,PC,03000,
PF,R31RY,R,,020,FIVIS,K4,PC,02400,
PF,R31RY,R,,020,FIVIS,K4,PC,,
PF,R31RY,R,,021,GUKSE,K4,PC,01060,01064
PF,R31RY,R,,030,CEMOL,K4,PC,00744,
PF,R31RY,R,,040,,,,01000,
PF,R31RY,R,,050,SOLDO,K4,EA,03000,
PF,R31RY,R,,060,SOLDO,K4,EA,03000,
PF,R35C,R,,010,RAYMA,K4,PC,06000,
PF,R35C,R,,011,TUFFO,K4,PC,05000,
PF,R35C,R,,012,DAYZZ,K4,PC,03000,
PF,R35C,R,,020,JOBBS,K4,PC,02100,
PF,R35C,R,,020,JOBBS,K4,PC,,
PF,R35C,R,,030,RW35C,K4,PG,00622,
PF,R35C,R,,040,,,,00763,
PF,R35C,R,,050,BOSSI,K4,PC,03000,
PF,R35C,R,,060,BOSSI,K4,PC,03000,
PF,R35L,R,,010,TANDE,K4,PC,06000,
PF,R35L,R,,011,CORMN,K4,PC,05000,
PF,R35L,R,,012,DALLN,K4,PC,03000,
PF,R35L,R,,020,BEGGO,K4,PC,02300,
PF,R35L,R,,020,BEGGO,K4,PC,,
PF,R35L,R,,030,RW35L,K4,PG,00610,
PF,R35L,R,,040,,,,00764,
PF,R35L,R,,050,BBAKR,K4,PC,,
PF,R35L,R,,060,BOSSI,K4,PC,03000,
PF,R35L,R,,070,BOSSI,K4,PC,03000,
PF,R35R,R,,010,GALOP,K4,PC,05000,
PF,R35R,R,,011,FRIZZ,K4,PC,05000,
PF,R35R,R,,012,COROL,K4,PC,03000,
PF,R35R,R,,020,POLKE,K4,PC,02200,
PF,R35R,R,,020,POLKE,K4,PC,,
PF,R35R,R,,030,RW35R,K4,PG,00633,
PF,R35R,R,,040,,,,01040,
PF,R35R,R,,050,PERSN,K4,PC,03000,
PF,R35R,R,,060,PERSN,K4,PC,03000,
PF,R36L,R,,010,ALLIN,K4,PC,04000,
PF,R36L,R,,011,HUTEN,K4,PC,03000,
PF,R36L,R,,012,CHAAR,K4,PC,03000,
PF,R36L,R,,020,BOBIN,K4,PC,02300,
PF,R36L,R,,020,BOBIN,K4,PC,,
PF,R36L,R,,021,CIRIS,K4,PC,01080,01083
PF,R36L,R,,030,RW36L,K4,PG,00637,
PF,R36L,R,,040,,,,01100,
PF,R36L,R,,050,KAGLE,K4,PC,03000,
PF,R36L,R,,060,KAGLE,K4,PC,03000,
PF,R36R,R,,010,SLOCO,K4,PC,04000,
PF,R36R,R,,011,KICKA,K4,PC,03000,
PF,R36R,R,,012,TUTOO,K4,PC,03000,
PF,R36R,R,,020,BASIN,K4,PC,02300,
PF,R36R,R,,020,BASIN,K4,PC,,
PF,R36R,R,,021,IMELE,K4,PC,01260,01262
PF,R36R,R,,030,RW36R,K4,PG,00626,
PF,R36R,R,,040,,,,01100,
PF,R36R,R,,050,KAGLE,K4,PC,03000,
PF,R36R,R,,060,KAGLE,K4,PC,03000,
PF,R18,R,,010,ADM,K4,D,02600,
PF,R18,R,,020,ADM,K4,D,02600,
PF,RNV-B,R,,010,TXO,K4,D,05800,
PF,RNV-B,R,,020,TXO,K4,D,05800,
PF,VDM-A,D,,010,EIC,K4,D,03000,
PF,VDM-A,D,,020,EIC,K4,D,03000,
PE,MOTZA1,1,TXO,010,TXO,K4,D,,
PE,MOTZA1,1,TXO,020,TURKI,K4,EA,,
PE,MOTZA1,1,TXO,030,GANJA,K4,EA,,
PE,REEKO3,4,CRIED,010,CRIED,K4,EA,,
PE,REEKO3,4,CRIED,020,PURRS,K4,EA,,
PE,REEKO3,4,CRIED,030,DODJE,K4,EA,,
PE,SASIE8,1,ADM,010,ADM,K4,D,,
PE,SASIE8,1,ADM,020,CAINE,K4,EA,,
PE,SASIE8,1,ADM,030,SASIE,K4,EA,,
PE,SASIE8,1,BYP,010,BYP,K4,D,,
PE,SASIE8,1,BYP,020,SASIE,K4,EA,,
PE,SASIE8,1,PRX,010,PRX,K4,D,,
PE,SASIE8,1,PRX,020,MONTE,K4,EA,,
PE,SASIE8,1,PRX,030,BYP,K4,D,,
PE,SASIE8,1,PRX,040,SASIE,K4,EA,,
PE,TRUUK3,4,AXXEE,010,AXXEE,K4,EA,,
PE,TRUUK3,4,AXXEE,020,PRIZZ,K4,EA,,
PE,TRUUK3,4,AXXEE,030,CAINE,K4,EA,,
PE,TRUUK3,4,AXXEE,040,SASIE,K4,EA,,
PE,TRUUK3,4,HITUG,010,HITUG,K4,EA,,
PE,TRUUK3,4,HITUG,020,JONEZ,K4,EA,,
PE,TRUUK3,4,HITUG,030,DRRTH,K4,EA,,
PE,TRUUK3,4,HITUG,040,PRIZZ,K4,EA,,
PE,TRUUK3,4,HITUG,050,CAINE,K4,EA,,
PE,TRUUK3,4,HITUG,060,SASIE,K4,EA,,
PE,TRUUK3,4,RRNET,010,RRNET,K4,EA,,
PE,TRUUK3,4,RRNET,020,JONEZ,K4,EA,,
PE,TRUUK3,4,RRNET,030,DRRTH,K4,EA,,
PE,TRUUK3,4,RRNET,040,PRIZZ,K4,EA,,
PE,TRUUK3,4,RRNET,050,CAINE,K4,EA,,
PE,TRUUK3,4,RRNET,060,SASIE,K4,EA,,
PE,TRUUK3,4,RRONY,010,RRONY,K4,EA,,
PE,TRUUK3,4,RRONY,020,CAINE,K4,EA,,
PE,TRUUK3,4,RRONY,030,SASIE,K4,EA,,
PE,TRUUK3,5,ALL,010,SASIE,K4,EA,,
PE,TRUUK3,5,ALL,020,BLECO,K4,EA,,
PF,VOR-A,S,,010,TNV,K4,D,02000,
PF,VOR-A,S,,020,TNV,K4,D,02000,
PF,R17,R,,010,BYP,K4,D,02500,
PF,R17,R,,020,BYP,K4,D,02500,
PE,HERBZ2,4,BELYY,010,JTROE,K4,EA,FL225,
PE,HERBZ2,4,BELYY,020,MASTY,K4,EA,16000,
PE,HERBZ2,4,BELYY,030,GREGS,K4,EA,11000,10000
PE,SLANT3,4,AIRRE,010,SEEVR,K4,EA,,
PE,SLANT3,4,AIRRE,020,FINGR,K4,EA,,
PE,SLANT3,4,KLAWW,010,KLAWW,K4,EA,,
PE,SLANT3,4,KLAWW,020,SSLID,K4,EA,,
PF,R17,R,,010,YEAGR,K4,EA,05000,
PF,R17,R,,020,YEAGR,K4,EA,05000,
PF,R35,R,,010,FINGR,K4,EA,05000,
PF,R35,R,,020,FINGR,K4,EA,05000,
PF,VOR-A,A,TQA,010,ABI,K4,D,05000,
PF,VOR-A,A,TQA,020,ABI,K4,D,05000,
PF,D32,D,,010,ACT,K4,D,03000,
PF,D32,D,,020,ACT,K4,D,03000,
PF,I16,I,,010,TRISS,K4,EA,03000,
PF,I16,I,,020,TRISS,K4,EA,03000,
PE,DODJE6,1,AEX,010,AEX,K4,D,,
PE,DODJE6,1,AEX,020,NOBBL,K4,EA,,
PE,DODJE6,1,AEX,030,FZT,K4,D,,
PE,DODJE6,1,AEX,040,CQY,K4,D,,
PE,DODJE6,1,AEX,050,DODJE,K4,EA,,
PE,DODJE6,1,EMG,010,EMG,K4,D,,
PE,DODJE6,1,EMG,020,GGG,K4,D,,
PE,DODJE6,1,EMG,030,CAPTI,K4,EA,,
PE,DODJE6,1,EMG,040,CQY,K4,D,,
PE,DODJE6,1,EMG,050,DODJE,K4,EA,,
PD,CRIED1,2,ALL,010,CRIED,K4,EA,,
PD,CRIED1,2,ALL,020,CQY,K4,D,,
PD,LOA4,3,BYP,010,LOA,K4,D,,
PD,LOA4,3,BYP,020,CQY,K4,D,,
PD,LOA4,3,BYP,030,BYP,K4,D,,
PF,S36,A,CDS,010,CDS,K4,D,03500,
PF,S36,A,CDS,020,CDS,K4,D,03000,
PD,VENUS4,3,TNV,010,TTT,K4,D,,
PD,VENUS4,3,TNV,020,DARTZ,K4,EA,,
PD,VENUS4,3,TNV,030,TORNN,K4,EA,,
PD,VENUS4,3,TNV,040,BILEE,K4,EA,,
PD,VENUS4,3,TNV,050,TNV,K4,D,,
PF,H31LZ,H,,010,TADDI,K4,EA,04000,
PF,H31LZ,H,,020,TADDI,K4,EA,04000,
PF,R02,R,,010,LOA,K4,D,04000,
PF,R02,R,,020,LOA,K4,D,04000,
PF,L14,L,,010,EMG,K4,D,02000,
PF,L14,L,,020,EMG,K4,D,02000,
PF,R18L,A,BYP,010,BYP,K4,D,,
PF,R18L,A,BYP,020,TADDI,K4,EA,03000,
PF,R18L,R,,010,GREGS,K4,EA,04000,
PF,R18L,R,,020,GREGS,K4,EA,04000,
PF,R27,R,,010,AEX,K4,D,03000,
PF,R27,R,,020,AEX,K4,D,03000,
PF,I08,I,,010,FSM,K4,D,03300,
PF,I08,I,,020,FSM,K4,D,03300,
PF,VDM-B,D,,010,TUL,K4,D,03000,
PF,VDM-B,D,,020,TUL,K4,D,03000,
PF,VOR-A,A,GGG,010,GGG,K4,D,02600,
PF,VOR-A,A,GGG,020,GGG,K4,D,01400,
PF,I34,I,,010,TILLA,K4,EA,03000,
PF,I34,I,,020,TILLA,K4,EA,03000,
PF,I18,I,,010,SQS,K7,D,02500,
PF,I18,I,,020,SQS,K7,D,02500,
PE,DRLLR5,4,MQP,010,MQP,K4,D,,
PE,DRLLR5,4,MQP,020,TORNN,K4,EA,,
PF,S14,S,,010,FZT,K4,D,02500,
PF,S14,S,,020,FZT,K4,D,02500,
PF,R18,R,,010,CABBY,K4,EA,03000,
PF,R18,R,,020,CABBY,K4,EA,03000,
PF,I26,I,,010,LBB,K4,D,05100,
PF,I26,I,,020,LBB,K4,D,05100,
PF,D04,D,,010,MLU,K4,D,03000,
PF,D04,D,,020,MLU,K4,D,03000,
PF,I31,I,,010,MQP,K4,D,03000,
PF,I31,I,,020,MQP,K4,D,03000,
PF,VOR-A,A,OKM,010,OKM,K4,D,02600,
PF,VOR-A,A,OKM,020,OKM,K4,D,02400,
PF,R17,R,,010,KARYN,K4,EA,05000,
PF,R17,R,,020,KARYN,K4,EA,05000,
PF,S35,S,,010,PRX,K4,D,02300,
PF,S35,S,,020,PRX,K4,D,02300,
PF,I17L,I,,010,IRW,K4,D,03000,
PF,I17L,I,,020,IRW,K4,D,03000,
PE,MARCS2,1,CLL,010,CLL,K4,D,,
PE,MARCS2,1,CLL,020,CWK,K4,D,,
PF,VDM-A,D,,010,CLL,K4,D,02100,
PF,VDM-A,D,,020,CLL,K4,D,02100,
PF,I18,I,,010,BRDJE,K4,EA,02400,
PF,I18,I,,020,BRDJE,K4,EA,02400,
PF,I22,I,,010,TXK,K4,D,02000,
PF,I22,I,,020,TXK,K4,D,02000,
PF,R22,R,,010,CAPTI,K4,EA,02500,
PF,R22,R,,020,CAPTI,K4,EA,02500,
PF,R17,R,,010,CWK,K4,D,03100,
PF,R17,R,,020,CWK,K4,D,03100,
